source_id,legacy_source_id,year,month,total_food_waste_kg,delivered_to_istac_kg,source_url,retrieved_at,quality_flag
S-BU-008,PMR-SRC-002,2024,01,2554,1680,https://impact.bogazici.edu.tr/221-campus-food-waste-tracking,2026-10-06,AS_PUBLISHED
S-BU-008,PMR-SRC-002,2024,02,4111,2705,https://impact.bogazici.edu.tr/221-campus-food-waste-tracking,2026-10-06,AS_PUBLISHED
S-BU-008,PMR-SRC-002,2024,03,5291,3481,https://impact.bogazici.edu.tr/221-campus-food-waste-tracking,2026-10-06,AS_PUBLISHED
S-BU-008,PMR-SRC-002,2024,04,4089,2690,https://impact.bogazici.edu.tr/221-campus-food-waste-tracking,2026-10-06,AS_PUBLISHED
S-BU-008,PMR-SRC-002,2024,05,2888,1900,https://impact.bogazici.edu.tr/221-campus-food-waste-tracking,2026-10-06,AS_PUBLISHED
S-BU-008,PMR-SRC-002,2024,06,2432,1600,https://impact.bogazici.edu.tr/221-campus-food-waste-tracking,2026-10-06,AS_PUBLISHED
S-BU-008,PMR-SRC-002,2024,07,4089,2500,https://impact.bogazici.edu.tr/221-campus-food-waste-tracking,2026-10-06,AS_PUBLISHED
S-BU-008,PMR-SRC-002,2024,08,3635,1800,https://impact.bogazici.edu.tr/221-campus-food-waste-tracking,2026-10-06,AS_PUBLISHED
S-BU-008,PMR-SRC-002,2024,09,2487,1100,https://impact.bogazici.edu.tr/221-campus-food-waste-tracking,2026-10-06,AS_PUBLISHED
S-BU-008,PMR-SRC-002,2024,10,5930,2100,https://impact.bogazici.edu.tr/221-campus-food-waste-tracking,2026-10-06,AS_PUBLISHED
S-BU-008,PMR-SRC-002,2024,11,6548,4745,https://impact.bogazici.edu.tr/221-campus-food-waste-tracking,2026-10-06,AS_PUBLISHED
S-BU-008,PMR-SRC-002,2024,12,6940,3475,https://impact.bogazici.edu.tr/221-campus-food-waste-tracking,2026-10-06,AS_PUBLISHED
S-BU-002,PMR-SRC-001,2025,01,3992,2250,https://kurumsalveri.bogazici.edu.tr/tr/pages/221-campus-food-waste-tracking/1310,2026-10-06,AS_PUBLISHED
S-BU-002,PMR-SRC-001,2025,02,7811,1555,https://kurumsalveri.bogazici.edu.tr/tr/pages/221-campus-food-waste-tracking/1310,2026-10-06,AS_PUBLISHED
S-BU-002,PMR-SRC-001,2025,03,7004,2285,https://kurumsalveri.bogazici.edu.tr/tr/pages/221-campus-food-waste-tracking/1310,2026-10-06,AS_PUBLISHED
S-BU-002,PMR-SRC-001,2025,04,4772,3090,https://kurumsalveri.bogazici.edu.tr/tr/pages/221-campus-food-waste-tracking/1310,2026-10-06,AS_PUBLISHED
S-BU-002,PMR-SRC-001,2025,05,3832,2900,https://kurumsalveri.bogazici.edu.tr/tr/pages/221-campus-food-waste-tracking/1310,2026-10-06,AS_PUBLISHED
S-BU-002,PMR-SRC-001,2025,06,2777,1450,https://kurumsalveri.bogazici.edu.tr/tr/pages/221-campus-food-waste-tracking/1310,2026-10-06,AS_PUBLISHED
S-BU-002,PMR-SRC-001,2025,07,1923,1850,https://kurumsalveri.bogazici.edu.tr/tr/pages/221-campus-food-waste-tracking/1310,2026-10-06,AS_PUBLISHED
S-BU-002,PMR-SRC-001,2025,08,1502,3550,https://kurumsalveri.bogazici.edu.tr/tr/pages/221-campus-food-waste-tracking/1310,2026-10-06,SEMANTIC_RECONCILIATION_REQUIRED
S-BU-002,PMR-SRC-001,2025,09,2072,1450,https://kurumsalveri.bogazici.edu.tr/tr/pages/221-campus-food-waste-tracking/1310,2026-10-06,AS_PUBLISHED
S-BU-002,PMR-SRC-001,2025,10,1334,4850,https://kurumsalveri.bogazici.edu.tr/tr/pages/221-campus-food-waste-tracking/1310,2026-10-06,SEMANTIC_RECONCILIATION_REQUIRED
S-BU-002,PMR-SRC-001,2025,11,4784,3300,https://kurumsalveri.bogazici.edu.tr/tr/pages/221-campus-food-waste-tracking/1310,2026-10-06,AS_PUBLISHED
S-BU-002,PMR-SRC-001,2025,12,6448,4900,https://kurumsalveri.bogazici.edu.tr/tr/pages/221-campus-food-waste-tracking/1310,2026-10-06,AS_PUBLISHED
