year,month,total_food_waste_kg,food_waste_delivered_to_istac_kg,total_waste_oil_kg,recycled_waste_oil_kg,reported_value_inconsistency,source_id,source_url,source_class,claim_boundary
2025,January,3992,2250,475,475,false,SRC-BU-002,https://kurumsalveri.bogazici.edu.tr/tr/pages/221-campus-food-waste-tracking/1310,PUBLIC_OFFICIAL_AGGREGATE,"Public monthly aggregate; not campus×meal service truth or intervention evidence"
2025,February,7811,1555,250,250,false,SRC-BU-002,https://kurumsalveri.bogazici.edu.tr/tr/pages/221-campus-food-waste-tracking/1310,PUBLIC_OFFICIAL_AGGREGATE,"Public monthly aggregate; not campus×meal service truth or intervention evidence"
2025,March,7004,2285,900,900,false,SRC-BU-002,https://kurumsalveri.bogazici.edu.tr/tr/pages/221-campus-food-waste-tracking/1310,PUBLIC_OFFICIAL_AGGREGATE,"Public monthly aggregate; not campus×meal service truth or intervention evidence"
2025,April,4772,3090,825,825,false,SRC-BU-002,https://kurumsalveri.bogazici.edu.tr/tr/pages/221-campus-food-waste-tracking/1310,PUBLIC_OFFICIAL_AGGREGATE,"Public monthly aggregate; not campus×meal service truth or intervention evidence"
2025,May,3832,2900,450,450,false,SRC-BU-002,https://kurumsalveri.bogazici.edu.tr/tr/pages/221-campus-food-waste-tracking/1310,PUBLIC_OFFICIAL_AGGREGATE,"Public monthly aggregate; not campus×meal service truth or intervention evidence"
2025,June,2777,1450,550,550,false,SRC-BU-002,https://kurumsalveri.bogazici.edu.tr/tr/pages/221-campus-food-waste-tracking/1310,PUBLIC_OFFICIAL_AGGREGATE,"Public monthly aggregate; not campus×meal service truth or intervention evidence"
2025,July,1923,1850,150,150,false,SRC-BU-002,https://kurumsalveri.bogazici.edu.tr/tr/pages/221-campus-food-waste-tracking/1310,PUBLIC_OFFICIAL_AGGREGATE,"Public monthly aggregate; not campus×meal service truth or intervention evidence"
2025,August,1502,3550,350,350,true,SRC-BU-002,https://kurumsalveri.bogazici.edu.tr/tr/pages/221-campus-food-waste-tracking/1310,PUBLIC_OFFICIAL_AGGREGATE,"Transcribed as published; delivered-to-ISTAC value exceeds reported monthly total, so semantics/source require reconciliation"
2025,September,2072,1450,830,830,false,SRC-BU-002,https://kurumsalveri.bogazici.edu.tr/tr/pages/221-campus-food-waste-tracking/1310,PUBLIC_OFFICIAL_AGGREGATE,"Public monthly aggregate; not campus×meal service truth or intervention evidence"
2025,October,1334,4850,600,600,true,SRC-BU-002,https://kurumsalveri.bogazici.edu.tr/tr/pages/221-campus-food-waste-tracking/1310,PUBLIC_OFFICIAL_AGGREGATE,"Transcribed as published; delivered-to-ISTAC value exceeds reported monthly total, so semantics/source require reconciliation"
2025,November,4784,3300,550,550,false,SRC-BU-002,https://kurumsalveri.bogazici.edu.tr/tr/pages/221-campus-food-waste-tracking/1310,PUBLIC_OFFICIAL_AGGREGATE,"Public monthly aggregate; not campus×meal service truth or intervention evidence"
2025,December,6448,4900,375,375,false,SRC-BU-002,https://kurumsalveri.bogazici.edu.tr/tr/pages/221-campus-food-waste-tracking/1310,PUBLIC_OFFICIAL_AGGREGATE,"Public monthly aggregate; not campus×meal service truth or intervention evidence"
2025,TOTAL,48251,33430,6305,6305,false,SRC-BU-002,https://kurumsalveri.bogazici.edu.tr/tr/pages/221-campus-food-waste-tracking/1310,PUBLIC_OFFICIAL_AGGREGATE,"Official published annual totals; monthly inconsistencies are preserved rather than silently corrected"
