date,cafeteria_id,meal_type,menu_item,portions_prepared,portions_sold,portions_wasted,campus_occupancy,weekday,exam_week,temperature,rain,event_count,semester_week,menu_popularity_avg
2026-06-09,B-SOUTH-GY,lunch,Etli Nohut Yemeği,862,750,112,52325,1,0,18.0,10,0,1,0.88
2026-06-09,B-SOUTH-GY,dinner,Fırın Tavuk,402,350,52,52325,1,0,18.0,10,0,1,0.88
2026-06-09,B-NORTH-KY,lunch,Etli Nohut Yemeği,2530,2200,330,52325,1,0,18.0,10,0,1,0.88
2026-06-09,B-NORTH-KY,dinner,Fırın Tavuk,1380,1200,180,52325,1,0,18.0,10,0,1,0.88
2026-06-10,B-SOUTH-GY,lunch,Etli Nohut Yemeği,862,750,112,51258,2,0,18.3,0,0,1,0.88
2026-06-10,B-SOUTH-GY,dinner,Fırın Tavuk,402,350,52,51258,2,0,18.3,0,1,1,0.88
2026-06-10,B-NORTH-KY,lunch,Etli Nohut Yemeği,2530,2200,330,51258,2,0,18.3,0,0,1,0.88
2026-06-10,B-NORTH-KY,dinner,Fırın Tavuk,1380,1200,180,51258,2,0,18.3,0,1,1,0.88
2026-06-11,B-SOUTH-GY,lunch,Etli Nohut Yemeği,862,750,112,50202,3,0,18.7,0,0,1,0.88
2026-06-11,B-SOUTH-GY,dinner,Fırın Tavuk,402,350,52,50202,3,0,18.7,0,0,1,0.88
2026-06-11,B-NORTH-KY,lunch,Etli Nohut Yemeği,2530,2200,330,50202,3,0,18.7,0,0,1,0.88
2026-06-11,B-NORTH-KY,dinner,Fırın Tavuk,1380,1200,180,50202,3,0,18.7,0,0,1,0.88
2026-06-12,B-SOUTH-GY,lunch,Etli Nohut Yemeği,862,750,112,41363,4,0,19.0,0,0,1,0.88
2026-06-12,B-SOUTH-GY,dinner,Fırın Tavuk,402,350,52,41363,4,0,19.0,0,0,1,0.88
2026-06-12,B-NORTH-KY,lunch,Etli Nohut Yemeği,2530,2200,330,41363,4,0,19.0,0,0,1,0.88
2026-06-12,B-NORTH-KY,dinner,Fırın Tavuk,1380,1200,180,41363,4,0,19.0,0,0,1,0.88
2026-06-13,B-SOUTH-GY,lunch,Etli Nohut Yemeği,215,187,28,28211,5,0,19.4,0,0,1,0.88
2026-06-13,B-SOUTH-GY,dinner,Fırın Tavuk,100,87,13,28211,5,0,19.4,0,0,1,0.88
2026-06-13,B-NORTH-KY,lunch,Etli Nohut Yemeği,632,550,82,28211,5,0,19.4,0,0,1,0.88
2026-06-13,B-NORTH-KY,dinner,Fırın Tavuk,345,300,45,28211,5,0,19.4,0,0,1,0.88
2026-06-14,B-SOUTH-GY,lunch,Etli Nohut Yemeği,215,187,28,28091,6,0,19.7,0,0,1,0.88
2026-06-14,B-SOUTH-GY,dinner,Fırın Tavuk,100,87,13,28091,6,0,19.7,0,0,1,0.88
2026-06-14,B-NORTH-KY,lunch,Etli Nohut Yemeği,632,550,82,28091,6,0,19.7,0,0,1,0.88
2026-06-14,B-NORTH-KY,dinner,Fırın Tavuk,345,300,45,28091,6,0,19.7,0,0,1,0.88
2026-06-15,B-SOUTH-GY,lunch,Etli Nohut Yemeği,862,750,112,49884,0,0,20.0,0,0,1,0.88
2026-06-15,B-SOUTH-GY,dinner,Fırın Tavuk,402,350,52,49884,0,0,20.0,0,0,1,0.88
2026-06-15,B-NORTH-KY,lunch,Etli Nohut Yemeği,2530,2200,330,49884,0,0,20.0,0,0,1,0.88
2026-06-15,B-NORTH-KY,dinner,Fırın Tavuk,1380,1200,180,49884,0,0,20.0,0,0,1,0.88
2026-06-16,B-SOUTH-GY,lunch,Etli Nohut Yemeği,862,750,112,52325,1,0,20.3,0,0,2,0.88
2026-06-16,B-SOUTH-GY,dinner,Fırın Tavuk,402,350,52,52325,1,0,20.3,0,0,2,0.88
2026-06-16,B-NORTH-KY,lunch,Etli Nohut Yemeği,2530,2200,330,52325,1,0,20.3,0,0,2,0.88
2026-06-16,B-NORTH-KY,dinner,Fırın Tavuk,1380,1200,180,52325,1,0,20.3,0,0,2,0.88
2026-06-17,B-SOUTH-GY,lunch,Etli Nohut Yemeği,862,750,112,51258,2,0,20.5,0,0,2,0.88
2026-06-17,B-SOUTH-GY,dinner,Fırın Tavuk,402,350,52,51258,2,0,20.5,0,1,2,0.88
2026-06-17,B-NORTH-KY,lunch,Etli Nohut Yemeği,2530,2200,330,51258,2,0,20.5,0,0,2,0.88
2026-06-17,B-NORTH-KY,dinner,Fırın Tavuk,1380,1200,180,51258,2,0,20.5,0,1,2,0.88
2026-06-18,B-SOUTH-GY,lunch,Etli Nohut Yemeği,862,750,112,50202,3,0,20.7,10,0,2,0.88
2026-06-18,B-SOUTH-GY,dinner,Fırın Tavuk,402,350,52,50202,3,0,20.7,10,0,2,0.88
2026-06-18,B-NORTH-KY,lunch,Etli Nohut Yemeği,2530,2200,330,50202,3,0,20.7,10,0,2,0.88
2026-06-18,B-NORTH-KY,dinner,Fırın Tavuk,1380,1200,180,50202,3,0,20.7,10,0,2,0.88
2026-06-19,B-SOUTH-GY,lunch,Etli Nohut Yemeği,862,750,112,41363,4,0,20.9,0,0,2,0.88
2026-06-19,B-SOUTH-GY,dinner,Fırın Tavuk,402,350,52,41363,4,0,20.9,0,0,2,0.88
2026-06-19,B-NORTH-KY,lunch,Etli Nohut Yemeği,2530,2200,330,41363,4,0,20.9,0,0,2,0.88
2026-06-19,B-NORTH-KY,dinner,Fırın Tavuk,1380,1200,180,41363,4,0,20.9,0,0,2,0.88
2026-06-20,B-SOUTH-GY,lunch,Etli Nohut Yemeği,215,187,28,28211,5,0,21.1,0,0,2,0.88
2026-06-20,B-SOUTH-GY,dinner,Fırın Tavuk,100,87,13,28211,5,0,21.1,0,0,2,0.88
2026-06-20,B-NORTH-KY,lunch,Etli Nohut Yemeği,632,550,82,28211,5,0,21.1,0,0,2,0.88
2026-06-20,B-NORTH-KY,dinner,Fırın Tavuk,345,300,45,28211,5,0,21.1,0,0,2,0.88
2026-06-21,B-SOUTH-GY,lunch,Etli Nohut Yemeği,215,187,28,28091,6,0,21.3,0,0,2,0.88
2026-06-21,B-SOUTH-GY,dinner,Fırın Tavuk,100,87,13,28091,6,0,21.3,0,0,2,0.88
2026-06-21,B-NORTH-KY,lunch,Etli Nohut Yemeği,632,550,82,28091,6,0,21.3,0,0,2,0.88
2026-06-21,B-NORTH-KY,dinner,Fırın Tavuk,345,300,45,28091,6,0,21.3,0,0,2,0.88
2026-06-22,B-SOUTH-GY,lunch,Etli Nohut Yemeği,862,750,112,49884,0,0,21.4,0,0,2,0.88
2026-06-22,B-SOUTH-GY,dinner,Fırın Tavuk,402,350,52,49884,0,0,21.4,0,0,2,0.88
2026-06-22,B-NORTH-KY,lunch,Etli Nohut Yemeği,2530,2200,330,49884,0,0,21.4,0,0,2,0.88
2026-06-22,B-NORTH-KY,dinner,Fırın Tavuk,1380,1200,180,49884,0,0,21.4,0,0,2,0.88
2026-06-23,B-SOUTH-GY,lunch,Etli Nohut Yemeği,862,750,112,52325,1,0,21.4,0,0,3,0.88
2026-06-23,B-SOUTH-GY,dinner,Fırın Tavuk,402,350,52,52325,1,0,21.4,0,0,3,0.88
2026-06-23,B-NORTH-KY,lunch,Etli Nohut Yemeği,2530,2200,330,52325,1,0,21.4,0,0,3,0.88
2026-06-23,B-NORTH-KY,dinner,Fırın Tavuk,1380,1200,180,52325,1,0,21.4,0,0,3,0.88
2026-06-24,B-SOUTH-GY,lunch,Etli Nohut Yemeği,862,750,112,51258,2,0,21.5,0,0,3,0.88
2026-06-24,B-SOUTH-GY,dinner,Fırın Tavuk,402,350,52,51258,2,0,21.5,0,1,3,0.88
2026-06-24,B-NORTH-KY,lunch,Etli Nohut Yemeği,2530,2200,330,51258,2,0,21.5,0,0,3,0.88
2026-06-24,B-NORTH-KY,dinner,Fırın Tavuk,1380,1200,180,51258,2,0,21.5,0,1,3,0.88
2026-06-25,B-SOUTH-GY,lunch,Etli Nohut Yemeği,862,750,112,50202,3,0,21.5,0,0,3,0.88
2026-06-25,B-SOUTH-GY,dinner,Fırın Tavuk,402,350,52,50202,3,0,21.5,0,0,3,0.88
2026-06-25,B-NORTH-KY,lunch,Etli Nohut Yemeği,2530,2200,330,50202,3,0,21.5,0,0,3,0.88
2026-06-25,B-NORTH-KY,dinner,Fırın Tavuk,1380,1200,180,50202,3,0,21.5,0,0,3,0.88
2026-06-26,B-SOUTH-GY,lunch,Etli Nohut Yemeği,862,750,112,41363,4,0,21.5,0,0,3,0.88
2026-06-26,B-SOUTH-GY,dinner,Fırın Tavuk,402,350,52,41363,4,0,21.5,0,0,3,0.88
2026-06-26,B-NORTH-KY,lunch,Etli Nohut Yemeği,2530,2200,330,41363,4,0,21.5,0,0,3,0.88
2026-06-26,B-NORTH-KY,dinner,Fırın Tavuk,1380,1200,180,41363,4,0,21.5,0,0,3,0.88
2026-06-27,B-SOUTH-GY,lunch,Etli Nohut Yemeği,215,187,28,28211,5,0,21.4,10,0,3,0.88
2026-06-27,B-SOUTH-GY,dinner,Fırın Tavuk,100,87,13,28211,5,0,21.4,10,0,3,0.88
2026-06-27,B-NORTH-KY,lunch,Etli Nohut Yemeği,632,550,82,28211,5,0,21.4,10,0,3,0.88
2026-06-27,B-NORTH-KY,dinner,Fırın Tavuk,345,300,45,28211,5,0,21.4,10,0,3,0.88
2026-06-28,B-SOUTH-GY,lunch,Etli Nohut Yemeği,215,187,28,28091,6,0,21.3,0,0,3,0.88
2026-06-28,B-SOUTH-GY,dinner,Fırın Tavuk,100,87,13,28091,6,0,21.3,0,0,3,0.88
2026-06-28,B-NORTH-KY,lunch,Etli Nohut Yemeği,632,550,82,28091,6,0,21.3,0,0,3,0.88
2026-06-28,B-NORTH-KY,dinner,Fırın Tavuk,345,300,45,28091,6,0,21.3,0,0,3,0.88
2026-06-29,B-SOUTH-GY,lunch,Etli Nohut Yemeği,862,750,112,49884,0,0,21.2,0,0,3,0.88
2026-06-29,B-SOUTH-GY,dinner,Fırın Tavuk,402,350,52,49884,0,0,21.2,0,0,3,0.88
2026-06-29,B-NORTH-KY,lunch,Etli Nohut Yemeği,2530,2200,330,49884,0,0,21.2,0,0,3,0.88
2026-06-29,B-NORTH-KY,dinner,Fırın Tavuk,1380,1200,180,49884,0,0,21.2,0,0,3,0.88
2026-06-30,B-SOUTH-GY,lunch,Etli Nohut Yemeği,862,750,112,52325,1,0,21.0,0,0,4,0.88
2026-06-30,B-SOUTH-GY,dinner,Fırın Tavuk,402,350,52,52325,1,0,21.0,0,0,4,0.88
2026-06-30,B-NORTH-KY,lunch,Etli Nohut Yemeği,2530,2200,330,52325,1,0,21.0,0,0,4,0.88
2026-06-30,B-NORTH-KY,dinner,Fırın Tavuk,1380,1200,180,52325,1,0,21.0,0,0,4,0.88
2026-07-01,B-SOUTH-GY,lunch,Etli Nohut Yemeği,862,750,112,51258,2,0,28.8,0,0,4,0.88
2026-07-01,B-SOUTH-GY,dinner,Fırın Tavuk,402,350,52,51258,2,0,28.8,0,1,4,0.88
2026-07-01,B-NORTH-KY,lunch,Etli Nohut Yemeği,2530,2200,330,51258,2,0,28.8,0,0,4,0.88
2026-07-01,B-NORTH-KY,dinner,Fırın Tavuk,1380,1200,180,51258,2,0,28.8,0,1,4,0.88
2026-07-02,B-SOUTH-GY,lunch,Etli Nohut Yemeği,862,750,112,50202,3,0,28.6,0,0,4,0.88
2026-07-02,B-SOUTH-GY,dinner,Fırın Tavuk,402,350,52,50202,3,0,28.6,0,0,4,0.88
2026-07-02,B-NORTH-KY,lunch,Etli Nohut Yemeği,2530,2200,330,50202,3,0,28.6,0,0,4,0.88
2026-07-02,B-NORTH-KY,dinner,Fırın Tavuk,1380,1200,180,50202,3,0,28.6,0,0,4,0.88
2026-07-03,B-SOUTH-GY,lunch,Etli Nohut Yemeği,862,750,112,42839,4,1,28.4,0,0,4,0.88
2026-07-03,B-SOUTH-GY,dinner,Fırın Tavuk,402,350,52,42839,4,1,28.4,0,0,4,0.88
2026-07-03,B-NORTH-KY,lunch,Etli Nohut Yemeği,2530,2200,330,42839,4,1,28.4,0,0,4,0.88
2026-07-03,B-NORTH-KY,dinner,Fırın Tavuk,1380,1200,180,42839,4,1,28.4,0,0,4,0.88
2026-07-04,B-SOUTH-GY,lunch,Etli Nohut Yemeği,215,187,28,29615,5,1,28.1,0,0,4,0.88
2026-07-04,B-SOUTH-GY,dinner,Fırın Tavuk,100,87,13,29615,5,1,28.1,0,0,4,0.88
2026-07-04,B-NORTH-KY,lunch,Etli Nohut Yemeği,632,550,82,29615,5,1,28.1,0,0,4,0.88
2026-07-04,B-NORTH-KY,dinner,Fırın Tavuk,345,300,45,29615,5,1,28.1,0,0,4,0.88
2026-07-05,B-SOUTH-GY,lunch,Etli Nohut Yemeği,215,187,28,29495,6,1,27.8,0,0,4,0.88
2026-07-05,B-SOUTH-GY,dinner,Fırın Tavuk,100,87,13,29495,6,1,27.8,0,0,4,0.88
2026-07-05,B-NORTH-KY,lunch,Etli Nohut Yemeği,632,550,82,29495,6,1,27.8,0,0,4,0.88
2026-07-05,B-NORTH-KY,dinner,Fırın Tavuk,345,300,45,29495,6,1,27.8,0,0,4,0.88
2026-07-06,B-SOUTH-GY,lunch,Etli Nohut Yemeği,862,750,112,51360,0,1,27.5,10,0,4,0.88
2026-07-06,B-SOUTH-GY,dinner,Fırın Tavuk,402,350,52,51360,0,1,27.5,10,0,4,0.88
2026-07-06,B-NORTH-KY,lunch,Etli Nohut Yemeği,2530,2200,330,51360,0,1,27.5,10,0,4,0.88
2026-07-06,B-NORTH-KY,dinner,Fırın Tavuk,1380,1200,180,51360,0,1,27.5,10,0,4,0.88
2026-07-07,B-SOUTH-GY,lunch,Etli Nohut Yemeği,862,750,112,53801,1,1,27.2,0,0,5,0.88
2026-07-07,B-SOUTH-GY,dinner,Fırın Tavuk,402,350,52,53801,1,1,27.2,0,0,5,0.88
2026-07-07,B-NORTH-KY,lunch,Etli Nohut Yemeği,2530,2200,330,53801,1,1,27.2,0,0,5,0.88
2026-07-07,B-NORTH-KY,dinner,Fırın Tavuk,1380,1200,180,53801,1,1,27.2,0,0,5,0.88
2026-07-08,B-SOUTH-GY,lunch,Etli Nohut Yemeği,862,750,112,52734,2,1,26.8,0,0,5,0.88
2026-07-08,B-SOUTH-GY,dinner,Fırın Tavuk,402,350,52,52734,2,1,26.8,0,1,5,0.88
2026-07-08,B-NORTH-KY,lunch,Etli Nohut Yemeği,2530,2200,330,52734,2,1,26.8,0,0,5,0.88
2026-07-08,B-NORTH-KY,dinner,Fırın Tavuk,1380,1200,180,52734,2,1,26.8,0,1,5,0.88
2026-07-09,B-SOUTH-GY,lunch,Etli Nohut Yemeği,862,750,112,50202,3,0,26.5,0,0,5,0.88
2026-07-09,B-SOUTH-GY,dinner,Fırın Tavuk,402,350,52,50202,3,0,26.5,0,0,5,0.88
2026-07-09,B-NORTH-KY,lunch,Etli Nohut Yemeği,2530,2200,330,50202,3,0,26.5,0,0,5,0.88
2026-07-09,B-NORTH-KY,dinner,Fırın Tavuk,1380,1200,180,50202,3,0,26.5,0,0,5,0.88
2026-07-10,B-SOUTH-GY,lunch,Etli Nohut Yemeği,862,750,112,41363,4,0,26.1,0,0,5,0.88
2026-07-10,B-SOUTH-GY,dinner,Fırın Tavuk,402,350,52,41363,4,0,26.1,0,0,5,0.88
2026-07-10,B-NORTH-KY,lunch,Etli Nohut Yemeği,2530,2200,330,41363,4,0,26.1,0,0,5,0.88
2026-07-10,B-NORTH-KY,dinner,Fırın Tavuk,1380,1200,180,41363,4,0,26.1,0,0,5,0.88
2026-07-11,B-SOUTH-GY,lunch,Etli Nohut Yemeği,215,187,28,28211,5,0,25.8,0,0,5,0.88
2026-07-11,B-SOUTH-GY,dinner,Fırın Tavuk,100,87,13,28211,5,0,25.8,0,0,5,0.88
2026-07-11,B-NORTH-KY,lunch,Etli Nohut Yemeği,632,550,82,28211,5,0,25.8,0,0,5,0.88
2026-07-11,B-NORTH-KY,dinner,Fırın Tavuk,345,300,45,28211,5,0,25.8,0,0,5,0.88
2026-07-12,B-SOUTH-GY,lunch,Etli Nohut Yemeği,215,187,28,28091,6,0,25.4,0,0,5,0.88
2026-07-12,B-SOUTH-GY,dinner,Fırın Tavuk,100,87,13,28091,6,0,25.4,0,0,5,0.88
2026-07-12,B-NORTH-KY,lunch,Etli Nohut Yemeği,632,550,82,28091,6,0,25.4,0,0,5,0.88
2026-07-12,B-NORTH-KY,dinner,Fırın Tavuk,345,300,45,28091,6,0,25.4,0,0,5,0.88
2026-07-13,B-SOUTH-GY,lunch,Etli Nohut Yemeği,862,750,112,49884,0,0,25.1,0,0,5,0.88
2026-07-13,B-SOUTH-GY,dinner,Fırın Tavuk,402,350,52,49884,0,0,25.1,0,0,5,0.88
2026-07-13,B-NORTH-KY,lunch,Etli Nohut Yemeği,2530,2200,330,49884,0,0,25.1,0,0,5,0.88
2026-07-13,B-NORTH-KY,dinner,Fırın Tavuk,1380,1200,180,49884,0,0,25.1,0,0,5,0.88
2026-07-14,B-SOUTH-GY,lunch,Etli Nohut Yemeği,862,750,112,52325,1,0,24.8,0,0,6,0.88
2026-07-14,B-SOUTH-GY,dinner,Fırın Tavuk,402,350,52,52325,1,0,24.8,0,0,6,0.88
2026-07-14,B-NORTH-KY,lunch,Etli Nohut Yemeği,2530,2200,330,52325,1,0,24.8,0,0,6,0.88
2026-07-14,B-NORTH-KY,dinner,Fırın Tavuk,1380,1200,180,52325,1,0,24.8,0,0,6,0.88
2026-07-15,B-SOUTH-GY,lunch,Etli Nohut Yemeği,862,750,112,51258,2,0,24.5,10,0,6,0.88
2026-07-15,B-SOUTH-GY,dinner,Fırın Tavuk,402,350,52,51258,2,0,24.5,10,1,6,0.88
2026-07-15,B-NORTH-KY,lunch,Etli Nohut Yemeği,2530,2200,330,51258,2,0,24.5,10,0,6,0.88
2026-07-15,B-NORTH-KY,dinner,Fırın Tavuk,1380,1200,180,51258,2,0,24.5,10,1,6,0.88
2026-07-16,B-SOUTH-GY,lunch,Etli Nohut Yemeği,862,750,112,50202,3,0,24.1,0,0,6,0.88
2026-07-16,B-SOUTH-GY,dinner,Fırın Tavuk,402,350,52,50202,3,0,24.1,0,0,6,0.88
2026-07-16,B-NORTH-KY,lunch,Etli Nohut Yemeği,2530,2200,330,50202,3,0,24.1,0,0,6,0.88
2026-07-16,B-NORTH-KY,dinner,Fırın Tavuk,1380,1200,180,50202,3,0,24.1,0,0,6,0.88
2026-07-17,B-SOUTH-GY,lunch,Etli Nohut Yemeği,862,750,112,41363,4,0,23.9,0,0,6,0.88
2026-07-17,B-SOUTH-GY,dinner,Fırın Tavuk,402,350,52,41363,4,0,23.9,0,0,6,0.88
2026-07-17,B-NORTH-KY,lunch,Etli Nohut Yemeği,2530,2200,330,41363,4,0,23.9,0,0,6,0.88
2026-07-17,B-NORTH-KY,dinner,Fırın Tavuk,1380,1200,180,41363,4,0,23.9,0,0,6,0.88
2026-07-18,B-SOUTH-GY,lunch,Etli Nohut Yemeği,215,187,28,28211,5,0,23.6,0,0,6,0.88
2026-07-18,B-SOUTH-GY,dinner,Fırın Tavuk,100,87,13,28211,5,0,23.6,0,0,6,0.88
2026-07-18,B-NORTH-KY,lunch,Etli Nohut Yemeği,632,550,82,28211,5,0,23.6,0,0,6,0.88
2026-07-18,B-NORTH-KY,dinner,Fırın Tavuk,345,300,45,28211,5,0,23.6,0,0,6,0.88
2026-07-19,B-SOUTH-GY,lunch,Etli Nohut Yemeği,215,187,28,28091,6,0,23.4,0,0,6,0.88
2026-07-19,B-SOUTH-GY,dinner,Fırın Tavuk,100,87,13,28091,6,0,23.4,0,0,6,0.88
2026-07-19,B-NORTH-KY,lunch,Etli Nohut Yemeği,632,550,82,28091,6,0,23.4,0,0,6,0.88
2026-07-19,B-NORTH-KY,dinner,Fırın Tavuk,345,300,45,28091,6,0,23.4,0,0,6,0.88
2026-07-20,B-SOUTH-GY,lunch,Etli Nohut Yemeği,862,750,112,49884,0,0,23.1,0,0,6,0.88
2026-07-20,B-SOUTH-GY,dinner,Fırın Tavuk,402,350,52,49884,0,0,23.1,0,0,6,0.88
2026-07-20,B-NORTH-KY,lunch,Etli Nohut Yemeği,2530,2200,330,49884,0,0,23.1,0,0,6,0.88
2026-07-20,B-NORTH-KY,dinner,Fırın Tavuk,1380,1200,180,49884,0,0,23.1,0,0,6,0.88
2026-07-21,B-SOUTH-GY,lunch,Etli Nohut Yemeği,862,750,112,52325,1,0,22.9,0,0,7,0.88
2026-07-21,B-SOUTH-GY,dinner,Fırın Tavuk,402,350,52,52325,1,0,22.9,0,0,7,0.88
2026-07-21,B-NORTH-KY,lunch,Etli Nohut Yemeği,2530,2200,330,52325,1,0,22.9,0,0,7,0.88
2026-07-21,B-NORTH-KY,dinner,Fırın Tavuk,1380,1200,180,52325,1,0,22.9,0,0,7,0.88
2026-07-22,B-SOUTH-GY,lunch,Etli Nohut Yemeği,862,750,112,51258,2,0,22.8,0,0,7,0.88
2026-07-22,B-SOUTH-GY,dinner,Fırın Tavuk,402,350,52,51258,2,0,22.8,0,1,7,0.88
2026-07-22,B-NORTH-KY,lunch,Etli Nohut Yemeği,2530,2200,330,51258,2,0,22.8,0,0,7,0.88
2026-07-22,B-NORTH-KY,dinner,Fırın Tavuk,1380,1200,180,51258,2,0,22.8,0,1,7,0.88
2026-07-23,B-SOUTH-GY,lunch,Etli Nohut Yemeği,862,750,112,50202,3,0,22.7,0,0,7,0.88
2026-07-23,B-SOUTH-GY,dinner,Fırın Tavuk,402,350,52,50202,3,0,22.7,0,0,7,0.88
2026-07-23,B-NORTH-KY,lunch,Etli Nohut Yemeği,2530,2200,330,50202,3,0,22.7,0,0,7,0.88
2026-07-23,B-NORTH-KY,dinner,Fırın Tavuk,1380,1200,180,50202,3,0,22.7,0,0,7,0.88
2026-07-24,B-SOUTH-GY,lunch,Etli Nohut Yemeği,862,750,112,41363,4,0,22.6,10,0,7,0.88
2026-07-24,B-SOUTH-GY,dinner,Fırın Tavuk,402,350,52,41363,4,0,22.6,10,0,7,0.88
2026-07-24,B-NORTH-KY,lunch,Etli Nohut Yemeği,2530,2200,330,41363,4,0,22.6,10,0,7,0.88
2026-07-24,B-NORTH-KY,dinner,Fırın Tavuk,1380,1200,180,41363,4,0,22.6,10,0,7,0.88
2026-07-25,B-SOUTH-GY,lunch,Etli Nohut Yemeği,215,187,28,28211,5,0,22.5,0,0,7,0.88
2026-07-25,B-SOUTH-GY,dinner,Fırın Tavuk,100,87,13,28211,5,0,22.5,0,0,7,0.88
2026-07-25,B-NORTH-KY,lunch,Etli Nohut Yemeği,632,550,82,28211,5,0,22.5,0,0,7,0.88
2026-07-25,B-NORTH-KY,dinner,Fırın Tavuk,345,300,45,28211,5,0,22.5,0,0,7,0.88
2026-07-26,B-SOUTH-GY,lunch,Etli Nohut Yemeği,215,187,28,28091,6,0,22.5,0,0,7,0.88
2026-07-26,B-SOUTH-GY,dinner,Fırın Tavuk,100,87,13,28091,6,0,22.5,0,0,7,0.88
2026-07-26,B-NORTH-KY,lunch,Etli Nohut Yemeği,632,550,82,28091,6,0,22.5,0,0,7,0.88
2026-07-26,B-NORTH-KY,dinner,Fırın Tavuk,345,300,45,28091,6,0,22.5,0,0,7,0.88
2026-07-27,B-SOUTH-GY,lunch,Etli Nohut Yemeği,862,750,112,49884,0,0,22.5,0,0,7,0.88
2026-07-27,B-SOUTH-GY,dinner,Fırın Tavuk,402,350,52,49884,0,0,22.5,0,0,7,0.88
2026-07-27,B-NORTH-KY,lunch,Etli Nohut Yemeği,2530,2200,330,49884,0,0,22.5,0,0,7,0.88
2026-07-27,B-NORTH-KY,dinner,Fırın Tavuk,1380,1200,180,49884,0,0,22.5,0,0,7,0.88
2026-07-28,B-SOUTH-GY,lunch,Etli Nohut Yemeği,862,750,112,52325,1,0,22.6,0,0,8,0.88
2026-07-28,B-SOUTH-GY,dinner,Fırın Tavuk,402,350,52,52325,1,0,22.6,0,0,8,0.88
2026-07-28,B-NORTH-KY,lunch,Etli Nohut Yemeği,2530,2200,330,52325,1,0,22.6,0,0,8,0.88
2026-07-28,B-NORTH-KY,dinner,Fırın Tavuk,1380,1200,180,52325,1,0,22.6,0,0,8,0.88
2026-07-29,B-SOUTH-GY,lunch,Etli Nohut Yemeği,862,750,112,51258,2,0,22.6,0,0,8,0.88
2026-07-29,B-SOUTH-GY,dinner,Fırın Tavuk,402,350,52,51258,2,0,22.6,0,1,8,0.88
2026-07-29,B-NORTH-KY,lunch,Etli Nohut Yemeği,2530,2200,330,51258,2,0,22.6,0,0,8,0.88
2026-07-29,B-NORTH-KY,dinner,Fırın Tavuk,1380,1200,180,51258,2,0,22.6,0,1,8,0.88
2026-07-30,B-SOUTH-GY,lunch,Etli Nohut Yemeği,862,750,112,50202,3,0,22.8,0,0,8,0.88
2026-07-30,B-SOUTH-GY,dinner,Fırın Tavuk,402,350,52,50202,3,0,22.8,0,0,8,0.88
2026-07-30,B-NORTH-KY,lunch,Etli Nohut Yemeği,2530,2200,330,50202,3,0,22.8,0,0,8,0.88
2026-07-30,B-NORTH-KY,dinner,Fırın Tavuk,1380,1200,180,50202,3,0,22.8,0,0,8,0.88
2026-07-31,B-SOUTH-GY,lunch,Etli Nohut Yemeği,862,750,112,41363,4,0,22.9,0,0,8,0.88
2026-07-31,B-SOUTH-GY,dinner,Fırın Tavuk,402,350,52,41363,4,0,22.9,0,0,8,0.88
2026-07-31,B-NORTH-KY,lunch,Etli Nohut Yemeği,2530,2200,330,41363,4,0,22.9,0,0,8,0.88
2026-07-31,B-NORTH-KY,dinner,Fırın Tavuk,1380,1200,180,41363,4,0,22.9,0,0,8,0.88
2026-08-01,B-SOUTH-GY,lunch,Etli Nohut Yemeği,215,187,28,28211,5,0,20.1,0,0,8,0.88
2026-08-01,B-SOUTH-GY,dinner,Fırın Tavuk,100,87,13,28211,5,0,20.1,0,0,8,0.88
2026-08-01,B-NORTH-KY,lunch,Etli Nohut Yemeği,632,550,82,28211,5,0,20.1,0,0,8,0.88
2026-08-01,B-NORTH-KY,dinner,Fırın Tavuk,345,300,45,28211,5,0,20.1,0,0,8,0.88
2026-08-02,B-SOUTH-GY,lunch,Etli Nohut Yemeği,215,187,28,29495,6,1,20.3,10,0,8,0.88
2026-08-02,B-SOUTH-GY,dinner,Fırın Tavuk,100,87,13,29495,6,1,20.3,10,0,8,0.88
2026-08-02,B-NORTH-KY,lunch,Etli Nohut Yemeği,632,550,82,29495,6,1,20.3,10,0,8,0.88
2026-08-02,B-NORTH-KY,dinner,Fırın Tavuk,345,300,45,29495,6,1,20.3,10,0,8,0.88
2026-08-03,B-SOUTH-GY,lunch,Etli Nohut Yemeği,862,750,112,51360,0,1,20.5,0,0,8,0.88
2026-08-03,B-SOUTH-GY,dinner,Fırın Tavuk,402,350,52,51360,0,1,20.5,0,0,8,0.88
2026-08-03,B-NORTH-KY,lunch,Etli Nohut Yemeği,2530,2200,330,51360,0,1,20.5,0,0,8,0.88
2026-08-03,B-NORTH-KY,dinner,Fırın Tavuk,1380,1200,180,51360,0,1,20.5,0,0,8,0.88
2026-08-04,B-SOUTH-GY,lunch,Etli Nohut Yemeği,862,750,112,53801,1,1,20.8,0,0,9,0.88
2026-08-04,B-SOUTH-GY,dinner,Fırın Tavuk,402,350,52,53801,1,1,20.8,0,0,9,0.88
2026-08-04,B-NORTH-KY,lunch,Etli Nohut Yemeği,2530,2200,330,53801,1,1,20.8,0,0,9,0.88
2026-08-04,B-NORTH-KY,dinner,Fırın Tavuk,1380,1200,180,53801,1,1,20.8,0,0,9,0.88
2026-08-05,B-SOUTH-GY,lunch,Etli Nohut Yemeği,862,750,112,52734,2,1,21.1,0,0,9,0.88
2026-08-05,B-SOUTH-GY,dinner,Fırın Tavuk,402,350,52,52734,2,1,21.1,0,1,9,0.88
2026-08-05,B-NORTH-KY,lunch,Etli Nohut Yemeği,2530,2200,330,52734,2,1,21.1,0,0,9,0.88
2026-08-05,B-NORTH-KY,dinner,Fırın Tavuk,1380,1200,180,52734,2,1,21.1,0,1,9,0.88
2026-08-06,B-SOUTH-GY,lunch,Etli Nohut Yemeği,862,750,112,51678,3,1,21.4,0,0,9,0.88
2026-08-06,B-SOUTH-GY,dinner,Fırın Tavuk,402,350,52,51678,3,1,21.4,0,0,9,0.88
2026-08-06,B-NORTH-KY,lunch,Etli Nohut Yemeği,2530,2200,330,51678,3,1,21.4,0,0,9,0.88
2026-08-06,B-NORTH-KY,dinner,Fırın Tavuk,1380,1200,180,51678,3,1,21.4,0,0,9,0.88
2026-08-07,B-SOUTH-GY,lunch,Etli Nohut Yemeği,862,750,112,42839,4,1,21.7,0,0,9,0.88
2026-08-07,B-SOUTH-GY,dinner,Fırın Tavuk,402,350,52,42839,4,1,21.7,0,0,9,0.88
2026-08-07,B-NORTH-KY,lunch,Etli Nohut Yemeği,2530,2200,330,42839,4,1,21.7,0,0,9,0.88
2026-08-07,B-NORTH-KY,dinner,Fırın Tavuk,1380,1200,180,42839,4,1,21.7,0,0,9,0.88
2026-08-08,B-SOUTH-GY,lunch,Etli Nohut Yemeği,215,187,28,28211,5,0,22.0,0,0,9,0.88
2026-08-08,B-SOUTH-GY,dinner,Fırın Tavuk,100,87,13,28211,5,0,22.0,0,0,9,0.88
2026-08-08,B-NORTH-KY,lunch,Etli Nohut Yemeği,632,550,82,28211,5,0,22.0,0,0,9,0.88
2026-08-08,B-NORTH-KY,dinner,Fırın Tavuk,345,300,45,28211,5,0,22.0,0,0,9,0.88
2026-08-09,B-SOUTH-GY,lunch,Etli Nohut Yemeği,215,187,28,28091,6,0,22.4,0,0,9,0.88
2026-08-09,B-SOUTH-GY,dinner,Fırın Tavuk,100,87,13,28091,6,0,22.4,0,0,9,0.88
2026-08-09,B-NORTH-KY,lunch,Etli Nohut Yemeği,632,550,82,28091,6,0,22.4,0,0,9,0.88
2026-08-09,B-NORTH-KY,dinner,Fırın Tavuk,345,300,45,28091,6,0,22.4,0,0,9,0.88
2026-08-10,B-SOUTH-GY,lunch,Etli Nohut Yemeği,862,750,112,49884,0,0,22.7,0,0,9,0.88
2026-08-10,B-SOUTH-GY,dinner,Fırın Tavuk,402,350,52,49884,0,0,22.7,0,0,9,0.88
2026-08-10,B-NORTH-KY,lunch,Etli Nohut Yemeği,2530,2200,330,49884,0,0,22.7,0,0,9,0.88
2026-08-10,B-NORTH-KY,dinner,Fırın Tavuk,1380,1200,180,49884,0,0,22.7,0,0,9,0.88
2026-08-11,B-SOUTH-GY,lunch,Etli Nohut Yemeği,862,750,112,52325,1,0,23.1,10,0,10,0.88
2026-08-11,B-SOUTH-GY,dinner,Fırın Tavuk,402,350,52,52325,1,0,23.1,10,0,10,0.88
2026-08-11,B-NORTH-KY,lunch,Etli Nohut Yemeği,2530,2200,330,52325,1,0,23.1,10,0,10,0.88
2026-08-11,B-NORTH-KY,dinner,Fırın Tavuk,1380,1200,180,52325,1,0,23.1,10,0,10,0.88
2026-08-12,B-SOUTH-GY,lunch,Etli Nohut Yemeği,862,750,112,51258,2,0,23.4,0,0,10,0.88
2026-08-12,B-SOUTH-GY,dinner,Fırın Tavuk,402,350,52,51258,2,0,23.4,0,1,10,0.88
2026-08-12,B-NORTH-KY,lunch,Etli Nohut Yemeği,2530,2200,330,51258,2,0,23.4,0,0,10,0.88
2026-08-12,B-NORTH-KY,dinner,Fırın Tavuk,1380,1200,180,51258,2,0,23.4,0,1,10,0.88
2026-08-13,B-SOUTH-GY,lunch,Etli Nohut Yemeği,862,750,112,50202,3,0,23.8,0,0,10,0.88
2026-08-13,B-SOUTH-GY,dinner,Fırın Tavuk,402,350,52,50202,3,0,23.8,0,0,10,0.88
2026-08-13,B-NORTH-KY,lunch,Etli Nohut Yemeği,2530,2200,330,50202,3,0,23.8,0,0,10,0.88
2026-08-13,B-NORTH-KY,dinner,Fırın Tavuk,1380,1200,180,50202,3,0,23.8,0,0,10,0.88
2026-08-14,B-SOUTH-GY,lunch,Etli Nohut Yemeği,862,750,112,41363,4,0,24.1,0,0,10,0.88
2026-08-14,B-SOUTH-GY,dinner,Fırın Tavuk,402,350,52,41363,4,0,24.1,0,0,10,0.88
2026-08-14,B-NORTH-KY,lunch,Etli Nohut Yemeği,2530,2200,330,41363,4,0,24.1,0,0,10,0.88
2026-08-14,B-NORTH-KY,dinner,Fırın Tavuk,1380,1200,180,41363,4,0,24.1,0,0,10,0.88
2026-08-15,B-SOUTH-GY,lunch,Etli Nohut Yemeği,215,187,28,28211,5,0,24.4,0,0,10,0.88
2026-08-15,B-SOUTH-GY,dinner,Fırın Tavuk,100,87,13,28211,5,0,24.4,0,0,10,0.88
2026-08-15,B-NORTH-KY,lunch,Etli Nohut Yemeği,632,550,82,28211,5,0,24.4,0,0,10,0.88
2026-08-15,B-NORTH-KY,dinner,Fırın Tavuk,345,300,45,28211,5,0,24.4,0,0,10,0.88
2026-08-16,B-SOUTH-GY,lunch,Etli Nohut Yemeği,215,187,28,28091,6,0,24.7,0,0,10,0.88
2026-08-16,B-SOUTH-GY,dinner,Fırın Tavuk,100,87,13,28091,6,0,24.7,0,0,10,0.88
2026-08-16,B-NORTH-KY,lunch,Etli Nohut Yemeği,632,550,82,28091,6,0,24.7,0,0,10,0.88
2026-08-16,B-NORTH-KY,dinner,Fırın Tavuk,345,300,45,28091,6,0,24.7,0,0,10,0.88
2026-08-17,B-SOUTH-GY,lunch,Etli Nohut Yemeği,862,750,112,49884,0,0,25.0,0,0,10,0.88
2026-08-17,B-SOUTH-GY,dinner,Fırın Tavuk,402,350,52,49884,0,0,25.0,0,0,10,0.88
2026-08-17,B-NORTH-KY,lunch,Etli Nohut Yemeği,2530,2200,330,49884,0,0,25.0,0,0,10,0.88
2026-08-17,B-NORTH-KY,dinner,Fırın Tavuk,1380,1200,180,49884,0,0,25.0,0,0,10,0.88
2026-08-18,B-SOUTH-GY,lunch,Etli Nohut Yemeği,862,750,112,52325,1,0,25.3,0,0,11,0.88
2026-08-18,B-SOUTH-GY,dinner,Fırın Tavuk,402,350,52,52325,1,0,25.3,0,0,11,0.88
2026-08-18,B-NORTH-KY,lunch,Etli Nohut Yemeği,2530,2200,330,52325,1,0,25.3,0,0,11,0.88
2026-08-18,B-NORTH-KY,dinner,Fırın Tavuk,1380,1200,180,52325,1,0,25.3,0,0,11,0.88
2026-08-19,B-SOUTH-GY,lunch,Etli Nohut Yemeği,862,750,112,51258,2,0,25.6,0,0,11,0.88
2026-08-19,B-SOUTH-GY,dinner,Fırın Tavuk,402,350,52,51258,2,0,25.6,0,1,11,0.88
2026-08-19,B-NORTH-KY,lunch,Etli Nohut Yemeği,2530,2200,330,51258,2,0,25.6,0,0,11,0.88
2026-08-19,B-NORTH-KY,dinner,Fırın Tavuk,1380,1200,180,51258,2,0,25.6,0,1,11,0.88
2026-08-20,B-SOUTH-GY,lunch,Etli Nohut Yemeği,862,750,112,50202,3,0,25.8,10,0,11,0.88
2026-08-20,B-SOUTH-GY,dinner,Fırın Tavuk,402,350,52,50202,3,0,25.8,10,0,11,0.88
2026-08-20,B-NORTH-KY,lunch,Etli Nohut Yemeği,2530,2200,330,50202,3,0,25.8,10,0,11,0.88
2026-08-20,B-NORTH-KY,dinner,Fırın Tavuk,1380,1200,180,50202,3,0,25.8,10,0,11,0.88
2026-08-21,B-SOUTH-GY,lunch,Etli Nohut Yemeği,862,750,112,41363,4,0,26.0,0,0,11,0.88
2026-08-21,B-SOUTH-GY,dinner,Fırın Tavuk,402,350,52,41363,4,0,26.0,0,0,11,0.88
2026-08-21,B-NORTH-KY,lunch,Etli Nohut Yemeği,2530,2200,330,41363,4,0,26.0,0,0,11,0.88
2026-08-21,B-NORTH-KY,dinner,Fırın Tavuk,1380,1200,180,41363,4,0,26.0,0,0,11,0.88
2026-08-22,B-SOUTH-GY,lunch,Etli Nohut Yemeği,215,187,28,28211,5,0,26.1,0,0,11,0.88
2026-08-22,B-SOUTH-GY,dinner,Fırın Tavuk,100,87,13,28211,5,0,26.1,0,0,11,0.88
2026-08-22,B-NORTH-KY,lunch,Etli Nohut Yemeği,632,550,82,28211,5,0,26.1,0,0,11,0.88
2026-08-22,B-NORTH-KY,dinner,Fırın Tavuk,345,300,45,28211,5,0,26.1,0,0,11,0.88
2026-08-23,B-SOUTH-GY,lunch,Etli Nohut Yemeği,215,187,28,28091,6,0,26.3,0,0,11,0.88
2026-08-23,B-SOUTH-GY,dinner,Fırın Tavuk,100,87,13,28091,6,0,26.3,0,0,11,0.88
2026-08-23,B-NORTH-KY,lunch,Etli Nohut Yemeği,632,550,82,28091,6,0,26.3,0,0,11,0.88
2026-08-23,B-NORTH-KY,dinner,Fırın Tavuk,345,300,45,28091,6,0,26.3,0,0,11,0.88
2026-08-24,B-SOUTH-GY,lunch,Etli Nohut Yemeği,862,750,112,49884,0,0,26.4,0,0,11,0.88
2026-08-24,B-SOUTH-GY,dinner,Fırın Tavuk,402,350,52,49884,0,0,26.4,0,0,11,0.88
2026-08-24,B-NORTH-KY,lunch,Etli Nohut Yemeği,2530,2200,330,49884,0,0,26.4,0,0,11,0.88
2026-08-24,B-NORTH-KY,dinner,Fırın Tavuk,1380,1200,180,49884,0,0,26.4,0,0,11,0.88
2026-08-25,B-SOUTH-GY,lunch,Etli Nohut Yemeği,862,750,112,52325,1,0,26.5,0,0,12,0.88
2026-08-25,B-SOUTH-GY,dinner,Fırın Tavuk,402,350,52,52325,1,0,26.5,0,0,12,0.88
2026-08-25,B-NORTH-KY,lunch,Etli Nohut Yemeği,2530,2200,330,52325,1,0,26.5,0,0,12,0.88
2026-08-25,B-NORTH-KY,dinner,Fırın Tavuk,1380,1200,180,52325,1,0,26.5,0,0,12,0.88
2026-08-26,B-SOUTH-GY,lunch,Etli Nohut Yemeği,862,750,112,51258,2,0,26.5,0,0,12,0.88
2026-08-26,B-SOUTH-GY,dinner,Fırın Tavuk,402,350,52,51258,2,0,26.5,0,1,12,0.88
2026-08-26,B-NORTH-KY,lunch,Etli Nohut Yemeği,2530,2200,330,51258,2,0,26.5,0,0,12,0.88
2026-08-26,B-NORTH-KY,dinner,Fırın Tavuk,1380,1200,180,51258,2,0,26.5,0,1,12,0.88
2026-08-27,B-SOUTH-GY,lunch,Etli Nohut Yemeği,862,750,112,50202,3,0,26.5,0,0,12,0.88
2026-08-27,B-SOUTH-GY,dinner,Fırın Tavuk,402,350,52,50202,3,0,26.5,0,0,12,0.88
2026-08-27,B-NORTH-KY,lunch,Etli Nohut Yemeği,2530,2200,330,50202,3,0,26.5,0,0,12,0.88
2026-08-27,B-NORTH-KY,dinner,Fırın Tavuk,1380,1200,180,50202,3,0,26.5,0,0,12,0.88
2026-08-28,B-SOUTH-GY,lunch,Etli Nohut Yemeği,862,750,112,41363,4,0,26.5,0,0,12,0.88
2026-08-28,B-SOUTH-GY,dinner,Fırın Tavuk,402,350,52,41363,4,0,26.5,0,0,12,0.88
2026-08-28,B-NORTH-KY,lunch,Etli Nohut Yemeği,2530,2200,330,41363,4,0,26.5,0,0,12,0.88
2026-08-28,B-NORTH-KY,dinner,Fırın Tavuk,1380,1200,180,41363,4,0,26.5,0,0,12,0.88
2026-08-29,B-SOUTH-GY,lunch,Etli Nohut Yemeği,215,187,28,28211,5,0,26.4,10,0,12,0.88
2026-08-29,B-SOUTH-GY,dinner,Fırın Tavuk,100,87,13,28211,5,0,26.4,10,0,12,0.88
2026-08-29,B-NORTH-KY,lunch,Etli Nohut Yemeği,632,550,82,28211,5,0,26.4,10,0,12,0.88
2026-08-29,B-NORTH-KY,dinner,Fırın Tavuk,345,300,45,28211,5,0,26.4,10,0,12,0.88
2026-08-30,B-SOUTH-GY,lunch,Etli Nohut Yemeği,215,187,28,28091,6,0,26.3,0,0,12,0.88
2026-08-30,B-SOUTH-GY,dinner,Fırın Tavuk,100,87,13,28091,6,0,26.3,0,0,12,0.88
2026-08-30,B-NORTH-KY,lunch,Etli Nohut Yemeği,632,550,82,28091,6,0,26.3,0,0,12,0.88
2026-08-30,B-NORTH-KY,dinner,Fırın Tavuk,345,300,45,28091,6,0,26.3,0,0,12,0.88
2026-08-31,B-SOUTH-GY,lunch,Etli Nohut Yemeği,862,750,112,49884,0,0,26.2,0,0,12,0.88
2026-08-31,B-SOUTH-GY,dinner,Fırın Tavuk,402,350,52,49884,0,0,26.2,0,0,12,0.88
2026-08-31,B-NORTH-KY,lunch,Etli Nohut Yemeği,2530,2200,330,49884,0,0,26.2,0,0,12,0.88
2026-08-31,B-NORTH-KY,dinner,Fırın Tavuk,1380,1200,180,49884,0,0,26.2,0,0,12,0.88
2026-09-01,B-SOUTH-GY,lunch,Etli Nohut Yemeği,862,750,112,53801,1,1,26.0,0,0,13,0.88
2026-09-01,B-SOUTH-GY,dinner,Fırın Tavuk,402,350,52,53801,1,1,26.0,0,0,13,0.88
2026-09-01,B-NORTH-KY,lunch,Etli Nohut Yemeği,2530,2200,330,53801,1,1,26.0,0,0,13,0.88
2026-09-01,B-NORTH-KY,dinner,Fırın Tavuk,1380,1200,180,53801,1,1,26.0,0,0,13,0.88
2026-09-02,B-SOUTH-GY,lunch,Etli Nohut Yemeği,862,750,112,52734,2,1,25.8,0,0,13,0.88
2026-09-02,B-SOUTH-GY,dinner,Fırın Tavuk,402,350,52,52734,2,1,25.8,0,1,13,0.88
2026-09-02,B-NORTH-KY,lunch,Etli Nohut Yemeği,2530,2200,330,52734,2,1,25.8,0,0,13,0.88
2026-09-02,B-NORTH-KY,dinner,Fırın Tavuk,1380,1200,180,52734,2,1,25.8,0,1,13,0.88
2026-09-03,B-SOUTH-GY,lunch,Etli Nohut Yemeği,862,750,112,51678,3,1,25.6,0,0,13,0.88
2026-09-03,B-SOUTH-GY,dinner,Fırın Tavuk,402,350,52,51678,3,1,25.6,0,0,13,0.88
2026-09-03,B-NORTH-KY,lunch,Etli Nohut Yemeği,2530,2200,330,51678,3,1,25.6,0,0,13,0.88
2026-09-03,B-NORTH-KY,dinner,Fırın Tavuk,1380,1200,180,51678,3,1,25.6,0,0,13,0.88
2026-09-04,B-SOUTH-GY,lunch,Etli Nohut Yemeği,862,750,112,42839,4,1,25.3,0,0,13,0.88
2026-09-04,B-SOUTH-GY,dinner,Fırın Tavuk,402,350,52,42839,4,1,25.3,0,0,13,0.88
2026-09-04,B-NORTH-KY,lunch,Etli Nohut Yemeği,2530,2200,330,42839,4,1,25.3,0,0,13,0.88
2026-09-04,B-NORTH-KY,dinner,Fırın Tavuk,1380,1200,180,42839,4,1,25.3,0,0,13,0.88
2026-09-05,B-SOUTH-GY,lunch,Etli Nohut Yemeği,215,187,28,29615,5,1,25.0,0,0,13,0.88
2026-09-05,B-SOUTH-GY,dinner,Fırın Tavuk,100,87,13,29615,5,1,25.0,0,0,13,0.88
2026-09-05,B-NORTH-KY,lunch,Etli Nohut Yemeği,632,550,82,29615,5,1,25.0,0,0,13,0.88
2026-09-05,B-NORTH-KY,dinner,Fırın Tavuk,345,300,45,29615,5,1,25.0,0,0,13,0.88
2026-09-06,B-SOUTH-GY,lunch,Etli Nohut Yemeği,215,187,28,29495,6,1,24.8,0,0,13,0.88
2026-09-06,B-SOUTH-GY,dinner,Fırın Tavuk,100,87,13,29495,6,1,24.8,0,0,13,0.88
2026-09-06,B-NORTH-KY,lunch,Etli Nohut Yemeği,632,550,82,29495,6,1,24.8,0,0,13,0.88
2026-09-06,B-NORTH-KY,dinner,Fırın Tavuk,345,300,45,29495,6,1,24.8,0,0,13,0.88
