course_id,building_id,floor,day_of_week,hour_start,hour_end,enrolled_students,department,semester
EE207,B-NORTH-NH,5,4,15,16,87,IE,Fall 2026
EE433,B-SOUTH-JF,1,3,12,14,87,SOC,Fall 2026
MATH475,B-NORTH-BM,2,1,14,16,88,MATH,Fall 2026
EE364,B-NORTH-YD,3,4,11,12,47,IE,Fall 2026
EE108,B-NORTH-BM,2,1,15,17,22,IE,Fall 2026
EE418,B-SOUTH-M,4,4,12,14,95,ENG,Fall 2026
ENG306,B-SOUTH-TB,1,2,9,10,24,SOC,Fall 2026
MATH137,B-NORTH-EF,1,4,15,16,40,HIST,Fall 2026
PHYS453,B-NORTH-NH,6,1,12,13,85,CMPE,Fall 2026
CMPE209,B-SOUTH-M,4,4,14,16,40,EE,Fall 2026
CMPE261,B-SOUTH-JF,3,2,10,12,91,IE,Fall 2026
PHYS344,B-NORTH-BM,3,0,14,15,52,MATH,Fall 2026
MATH159,B-SOUTH-NB,1,4,15,17,92,MATH,Fall 2026
CMPE143,B-NORTH-EF,4,0,12,13,44,PHYS,Fall 2026
HIST120,B-NORTH-KB,1,2,11,13,84,IE,Fall 2026
SOC386,B-SOUTH-M,4,2,16,18,50,HIST,Fall 2026
EE491,B-NORTH-NH,3,2,14,15,70,MATH,Fall 2026
MATH426,B-SOUTH-JF,2,1,9,10,31,IE,Fall 2026
PHYS214,B-NORTH-KB,1,4,9,11,97,MATH,Fall 2026
IE156,B-NORTH-BM,3,2,14,16,20,ENG,Fall 2026
EE465,B-SOUTH-IB,3,2,11,12,71,HIST,Fall 2026
ENG446,B-SOUTH-JF,2,3,16,17,92,MATH,Fall 2026
SOC450,B-NORTH-NH,4,4,16,18,90,PHYS,Fall 2026
HIST380,B-SOUTH-IB,5,3,16,17,38,CMPE,Fall 2026
HIST485,B-NORTH-KB,1,4,12,13,69,HIST,Fall 2026
ENG342,B-NORTH-NH,5,3,15,17,47,EE,Fall 2026
CMPE355,B-NORTH-KB,2,3,10,12,66,SOC,Fall 2026
PHYS261,B-NORTH-YD,4,1,13,14,84,ENG,Fall 2026
ENG494,B-SOUTH-M,1,4,16,17,55,SOC,Fall 2026
ENG410,B-NORTH-YD,1,1,9,11,27,CMPE,Fall 2026
PHYS285,B-NORTH-BM,3,1,16,18,85,CMPE,Fall 2026
SOC488,B-NORTH-KB,5,0,16,18,83,EE,Fall 2026
MATH136,B-NORTH-KB,2,1,9,11,57,SOC,Fall 2026
PHYS275,B-NORTH-YD,4,1,11,13,70,IE,Fall 2026
IE130,B-SOUTH-TB,4,0,12,14,96,SOC,Fall 2026
SOC285,B-SOUTH-NB,2,0,9,11,98,IE,Fall 2026
SOC129,B-NORTH-EF,2,0,14,16,79,CMPE,Fall 2026
PHYS265,B-NORTH-YD,4,3,11,12,56,CMPE,Fall 2026
HIST457,B-NORTH-YD,3,4,14,16,23,EE,Fall 2026
EE318,B-NORTH-NH,4,0,15,16,54,ENG,Fall 2026
SOC277,B-NORTH-EF,1,2,11,12,42,SOC,Fall 2026
HIST430,B-SOUTH-M,4,0,9,11,25,IE,Fall 2026
MATH388,B-SOUTH-M,1,3,9,11,69,MATH,Fall 2026
HIST356,B-SOUTH-TB,3,1,9,10,84,HIST,Fall 2026
EE150,B-NORTH-YD,2,0,13,15,27,HIST,Fall 2026
EE356,B-NORTH-NH,5,3,9,11,23,SOC,Fall 2026
ENG186,B-SOUTH-NB,2,4,12,14,51,CMPE,Fall 2026
HIST127,B-NORTH-EF,3,0,10,11,92,PHYS,Fall 2026
MATH377,B-NORTH-YD,2,1,13,14,23,MATH,Fall 2026
ENG257,B-SOUTH-TB,4,1,16,17,88,SOC,Fall 2026
SOC310,B-NORTH-KB,5,1,15,17,25,HIST,Fall 2026
HIST127,B-NORTH-EF,2,0,10,12,75,SOC,Fall 2026
IE494,B-NORTH-KB,3,4,9,10,66,HIST,Fall 2026
IE171,B-SOUTH-JF,2,2,11,12,71,SOC,Fall 2026
PHYS450,B-NORTH-YD,1,4,14,15,45,IE,Fall 2026
HIST399,B-NORTH-BM,4,4,14,16,37,PHYS,Fall 2026
CMPE245,B-SOUTH-NB,3,1,13,15,54,EE,Fall 2026
PHYS309,B-NORTH-BM,1,0,14,16,55,CMPE,Fall 2026
EE330,B-NORTH-NH,2,3,12,13,92,SOC,Fall 2026
CMPE265,B-NORTH-KB,5,3,12,14,54,EE,Fall 2026
ENG106,B-NORTH-KB,1,0,15,17,59,HIST,Fall 2026
MATH425,B-SOUTH-JF,2,4,14,15,63,SOC,Fall 2026
ENG436,B-NORTH-NH,1,3,12,13,55,SOC,Fall 2026
MATH412,B-NORTH-BM,3,4,13,15,72,SOC,Fall 2026
EE255,B-SOUTH-NB,3,0,16,17,27,EE,Fall 2026
PHYS135,B-SOUTH-NB,1,3,11,12,29,HIST,Fall 2026
ENG214,B-SOUTH-TB,3,3,16,18,87,PHYS,Fall 2026
MATH200,B-SOUTH-NB,1,1,11,12,30,PHYS,Fall 2026
EE482,B-NORTH-NH,2,3,12,14,91,EE,Fall 2026
PHYS267,B-SOUTH-JF,4,0,14,15,43,EE,Fall 2026
HIST340,B-NORTH-NH,2,1,12,14,97,ENG,Fall 2026
CMPE160,B-NORTH-YD,1,3,11,13,30,IE,Fall 2026
HIST476,B-SOUTH-M,1,0,9,10,52,CMPE,Fall 2026
SOC198,B-NORTH-YD,4,0,9,10,29,MATH,Fall 2026
PHYS441,B-NORTH-EF,3,1,14,16,60,ENG,Fall 2026
IE105,B-SOUTH-JF,2,4,14,15,26,MATH,Fall 2026
SOC359,B-NORTH-YD,2,4,16,17,55,EE,Fall 2026
MATH177,B-SOUTH-NB,1,0,10,12,20,MATH,Fall 2026
PHYS338,B-NORTH-KB,2,2,14,15,33,CMPE,Fall 2026
EE240,B-NORTH-EF,1,4,13,15,68,EE,Fall 2026
HIST391,B-SOUTH-NB,2,2,13,14,62,ENG,Fall 2026
PHYS361,B-NORTH-EF,2,3,14,16,84,PHYS,Fall 2026
IE490,B-SOUTH-NB,1,4,12,14,84,PHYS,Fall 2026
SOC117,B-SOUTH-TB,3,2,13,14,88,IE,Fall 2026
HIST330,B-NORTH-KB,4,3,16,18,63,IE,Fall 2026
CMPE202,B-NORTH-EF,4,1,9,11,88,PHYS,Fall 2026
HIST152,B-NORTH-NH,3,3,13,14,83,SOC,Fall 2026
PHYS130,B-SOUTH-IB,1,3,11,13,50,EE,Fall 2026
PHYS249,B-SOUTH-JF,1,1,15,17,72,PHYS,Fall 2026
EE412,B-SOUTH-JF,3,2,14,16,72,MATH,Fall 2026
MATH128,B-NORTH-NH,6,3,13,14,70,CMPE,Fall 2026
MATH190,B-NORTH-BM,4,1,9,11,79,SOC,Fall 2026
SOC123,B-NORTH-BM,1,3,10,11,88,MATH,Fall 2026
ENG325,B-SOUTH-TB,1,3,16,18,66,HIST,Fall 2026
HIST151,B-SOUTH-IB,2,0,14,16,87,MATH,Fall 2026
IE207,B-NORTH-KB,2,3,15,16,33,PHYS,Fall 2026
SOC464,B-SOUTH-JF,1,0,11,12,98,EE,Fall 2026
PHYS402,B-SOUTH-M,3,0,13,14,89,EE,Fall 2026
EE150,B-SOUTH-TB,3,2,16,17,26,PHYS,Fall 2026
SOC111,B-SOUTH-NB,2,4,11,12,77,CMPE,Fall 2026
SOC347,B-NORTH-KB,3,1,15,17,90,CMPE,Fall 2026
PHYS472,B-SOUTH-IB,5,2,9,11,73,CMPE,Fall 2026
HIST154,B-SOUTH-IB,4,0,16,17,86,HIST,Fall 2026
HIST346,B-SOUTH-JF,2,0,10,11,75,SOC,Fall 2026
IE385,B-NORTH-BM,1,0,10,11,38,IE,Fall 2026
MATH131,B-SOUTH-IB,2,2,9,11,42,PHYS,Fall 2026
IE104,B-SOUTH-NB,3,1,10,11,56,PHYS,Fall 2026
EE157,B-NORTH-EF,4,0,10,12,41,PHYS,Fall 2026
CMPE373,B-SOUTH-IB,5,0,13,15,63,PHYS,Fall 2026
EE132,B-NORTH-YD,4,4,14,16,68,EE,Fall 2026
ENG415,B-NORTH-BM,1,2,9,11,50,PHYS,Fall 2026
EE212,B-NORTH-EF,4,3,10,12,99,HIST,Fall 2026
MATH434,B-NORTH-EF,2,1,11,12,20,PHYS,Fall 2026
ENG142,B-SOUTH-NB,4,4,16,18,90,HIST,Fall 2026
MATH241,B-NORTH-EF,3,3,11,12,50,MATH,Fall 2026
EE312,B-SOUTH-NB,3,3,12,13,43,IE,Fall 2026
MATH404,B-SOUTH-TB,2,2,10,11,88,IE,Fall 2026
EE381,B-SOUTH-IB,1,1,11,13,97,PHYS,Fall 2026
HIST122,B-NORTH-KB,4,3,15,17,44,PHYS,Fall 2026
CMPE193,B-NORTH-YD,1,4,13,14,85,CMPE,Fall 2026
IE313,B-NORTH-KB,1,3,12,14,78,CMPE,Fall 2026
IE398,B-SOUTH-NB,4,1,13,15,66,CMPE,Fall 2026
HIST352,B-SOUTH-TB,4,1,16,18,74,HIST,Fall 2026
MATH123,B-NORTH-YD,4,0,12,13,86,IE,Fall 2026
EE443,B-SOUTH-TB,1,2,14,16,43,MATH,Fall 2026
PHYS236,B-SOUTH-NB,2,2,11,13,46,PHYS,Fall 2026
EE470,B-NORTH-YD,2,2,16,18,57,EE,Fall 2026
ENG118,B-NORTH-BM,2,4,14,15,67,IE,Fall 2026
MATH111,B-NORTH-BM,3,3,16,18,29,IE,Fall 2026
HIST185,B-NORTH-NH,3,1,14,16,43,IE,Fall 2026
HIST489,B-SOUTH-IB,2,0,11,13,58,CMPE,Fall 2026
ENG182,B-NORTH-KB,5,3,13,15,65,MATH,Fall 2026
HIST419,B-SOUTH-M,2,3,9,11,95,SOC,Fall 2026
HIST449,B-SOUTH-IB,4,2,9,11,63,ENG,Fall 2026
MATH293,B-NORTH-KB,4,2,13,14,74,HIST,Fall 2026
PHYS150,B-NORTH-EF,3,4,13,14,33,ENG,Fall 2026
CMPE291,B-NORTH-YD,2,2,13,15,54,HIST,Fall 2026
HIST336,B-NORTH-NH,3,2,10,11,31,IE,Fall 2026
PHYS345,B-SOUTH-JF,2,4,14,16,56,IE,Fall 2026
HIST220,B-NORTH-BM,1,3,14,16,45,IE,Fall 2026
CMPE141,B-SOUTH-IB,1,1,14,16,67,PHYS,Fall 2026
MATH114,B-NORTH-NH,5,3,15,17,98,SOC,Fall 2026
PHYS241,B-NORTH-BM,3,2,10,12,40,MATH,Fall 2026
HIST486,B-NORTH-NH,4,0,9,10,74,EE,Fall 2026
MATH202,B-SOUTH-NB,4,0,13,15,27,SOC,Fall 2026
SOC321,B-SOUTH-JF,1,2,11,12,55,PHYS,Fall 2026
HIST170,B-NORTH-BM,3,4,14,15,29,CMPE,Fall 2026
IE145,B-NORTH-BM,4,3,10,11,49,EE,Fall 2026
MATH186,B-SOUTH-TB,4,0,11,12,27,HIST,Fall 2026
HIST237,B-SOUTH-IB,3,2,10,12,42,SOC,Fall 2026
EE302,B-NORTH-BM,2,3,15,17,29,SOC,Fall 2026
EE339,B-NORTH-BM,3,0,12,14,74,ENG,Fall 2026
SOC496,B-SOUTH-IB,5,0,13,14,31,SOC,Fall 2026
SOC174,B-SOUTH-TB,2,3,13,14,64,CMPE,Fall 2026
PHYS177,B-SOUTH-JF,2,4,9,10,85,HIST,Fall 2026
MATH424,B-NORTH-EF,1,0,15,16,66,SOC,Fall 2026
HIST192,B-SOUTH-TB,2,1,11,12,93,EE,Fall 2026
PHYS181,B-SOUTH-M,2,2,14,15,55,EE,Fall 2026
MATH253,B-NORTH-EF,4,0,13,15,45,SOC,Fall 2026
EE192,B-NORTH-YD,3,1,15,16,53,MATH,Fall 2026
SOC331,B-NORTH-NH,2,1,10,11,57,PHYS,Fall 2026
EE378,B-NORTH-YD,4,4,11,13,22,EE,Fall 2026
ENG209,B-SOUTH-NB,1,1,16,18,80,PHYS,Fall 2026
CMPE275,B-SOUTH-TB,4,2,12,13,68,SOC,Fall 2026
EE403,B-NORTH-BM,3,0,11,12,37,CMPE,Fall 2026
EE438,B-SOUTH-TB,2,4,11,13,28,SOC,Fall 2026
SOC366,B-SOUTH-M,1,1,10,11,52,SOC,Fall 2026
SOC497,B-SOUTH-M,3,3,12,13,39,PHYS,Fall 2026
CMPE430,B-SOUTH-IB,2,1,15,17,34,MATH,Fall 2026
PHYS130,B-SOUTH-JF,3,4,10,11,21,ENG,Fall 2026
MATH192,B-SOUTH-M,4,4,9,10,42,CMPE,Fall 2026
IE240,B-NORTH-KB,4,0,14,16,82,MATH,Fall 2026
CMPE461,B-NORTH-KB,5,1,13,14,32,HIST,Fall 2026
CMPE417,B-NORTH-YD,1,0,9,11,90,EE,Fall 2026
HIST336,B-NORTH-KB,1,1,14,15,95,ENG,Fall 2026
SOC169,B-SOUTH-NB,4,0,10,11,84,SOC,Fall 2026
PHYS476,B-NORTH-BM,3,1,13,15,58,EE,Fall 2026
MATH230,B-SOUTH-NB,2,4,13,15,86,SOC,Fall 2026
MATH237,B-SOUTH-IB,5,1,14,16,39,HIST,Fall 2026
SOC297,B-SOUTH-NB,4,1,11,12,41,HIST,Fall 2026
IE226,B-NORTH-BM,2,3,14,16,55,HIST,Fall 2026
HIST202,B-SOUTH-JF,2,1,13,15,67,CMPE,Fall 2026
CMPE145,B-NORTH-NH,3,4,12,13,23,HIST,Fall 2026
SOC197,B-NORTH-EF,3,2,12,13,66,IE,Fall 2026
ENG476,B-NORTH-NH,3,0,15,17,55,EE,Fall 2026
SOC120,B-NORTH-KB,4,3,15,17,58,MATH,Fall 2026
MATH269,B-NORTH-KB,5,1,11,13,100,SOC,Fall 2026
SOC198,B-SOUTH-IB,2,2,15,17,30,PHYS,Fall 2026
EE284,B-SOUTH-NB,3,1,15,16,24,IE,Fall 2026
IE353,B-NORTH-YD,3,2,10,11,83,IE,Fall 2026
IE380,B-NORTH-BM,3,2,16,17,24,CMPE,Fall 2026
HIST189,B-NORTH-EF,3,1,16,18,76,EE,Fall 2026
EE393,B-SOUTH-TB,3,3,11,12,21,PHYS,Fall 2026
IE201,B-SOUTH-TB,1,0,12,14,56,ENG,Fall 2026
IE356,B-NORTH-BM,3,0,14,15,82,MATH,Fall 2026
MATH155,B-NORTH-KB,2,0,14,16,28,CMPE,Fall 2026
SOC139,B-NORTH-YD,3,2,16,18,77,EE,Fall 2026
SOC253,B-SOUTH-IB,5,2,14,16,62,PHYS,Fall 2026
SOC495,B-NORTH-EF,3,1,10,12,68,MATH,Fall 2026
HIST141,B-SOUTH-TB,4,0,11,13,82,IE,Fall 2026
