date,name,building_id,expected_attendance,event_type
2026-07-17,Event 0,B-SOUTH-OFB,191,Concert
2026-07-04,Event 1,B-SOUTH-M,180,Club Meeting
2026-07-27,Event 2,B-SOUTH-NB,229,Seminar
2026-07-14,Event 3,B-NORTH-YD,290,Club Meeting
2026-09-01,Event 4,B-SOUTH-ALH,199,Club Meeting
2026-06-22,Event 5,B-SOUTH-ALH,102,Club Meeting
2026-08-09,Event 6,B-NORTH-KB,268,Seminar
2026-08-03,Event 7,B-SOUTH-M,186,Conference
2026-06-18,Event 8,B-NORTH-NH,277,Conference
2026-07-04,Event 9,B-SOUTH-TB,83,Club Meeting
2026-08-24,Event 10,B-NORTH-SBU,80,Concert
2026-07-14,Event 11,B-SOUTH-NB,53,Concert
2026-06-22,Event 12,B-NORTH-EF,158,Conference
2026-07-20,Event 13,B-NORTH-EF,109,Seminar
2026-07-29,Event 14,B-SOUTH-JF,278,Club Meeting
2026-07-09,Event 15,B-SOUTH-IB,202,Seminar
2026-06-20,Event 16,B-SOUTH-NB,155,Club Meeting
2026-07-28,Event 17,B-SOUTH-NB,130,Conference
2026-08-14,Event 18,B-SOUTH-OFB,186,Concert
2026-08-30,Event 19,B-SOUTH-IB,212,Club Meeting
2026-07-08,Event 20,B-SOUTH-M,138,Conference
2026-07-03,Event 21,B-SOUTH-IB,200,Seminar
2026-06-10,Event 22,B-SOUTH-TB,265,Seminar
2026-06-17,Event 23,B-SOUTH-JF,83,Concert
2026-08-24,Event 24,B-SOUTH-OFB,95,Concert
2026-08-21,Event 25,B-SOUTH-TB,165,Seminar
2026-08-27,Event 26,B-NORTH-YD,123,Club Meeting
2026-06-27,Event 27,B-SOUTH-TB,75,Club Meeting
2026-08-26,Event 28,B-SOUTH-JF,124,Conference
2026-09-06,Event 29,B-NORTH-SBU,82,Conference
