date,temperature,humidity,rain,wind_speed,condition
2026-06-09,18.0,80,10,12.0,Rain
2026-06-10,18.3,79,0,16.2,Sunny
2026-06-11,18.7,79,0,16.5,Sunny
2026-06-12,19.0,78,0,12.7,Sunny
2026-06-13,19.4,78,0,8.2,Sunny
2026-06-14,19.7,77,0,7.2,Sunny
2026-06-15,20.0,75,0,10.6,Sunny
2026-06-16,20.3,74,0,15.3,Sunny
2026-06-17,20.5,73,0,16.9,Sunny
2026-06-18,20.7,71,10,14.1,Rain
2026-06-19,20.9,69,0,9.3,Sunny
2026-06-20,21.1,67,0,7.0,Sunny
2026-06-21,21.3,66,0,9.3,Sunny
2026-06-22,21.4,64,0,14.1,Sunny
2026-06-23,21.4,62,0,17.0,Sunny
2026-06-24,21.5,60,0,15.3,Sunny
2026-06-25,21.5,58,0,10.6,Sunny
2026-06-26,21.5,57,0,7.2,Sunny
2026-06-27,21.4,55,10,8.2,Rain
2026-06-28,21.3,54,0,12.7,Sunny
2026-06-29,21.2,52,0,16.6,Sunny
2026-06-30,21.0,51,0,16.2,Sunny
2026-07-01,28.8,51,0,12.0,Sunny
2026-07-02,28.6,50,0,7.8,Sunny
2026-07-03,28.4,50,0,7.5,Sunny
2026-07-04,28.1,50,0,11.3,Sunny
2026-07-05,27.8,50,0,15.8,Sunny
2026-07-06,27.5,50,10,16.8,Rain
2026-07-07,27.2,50,0,13.4,Sunny
2026-07-08,26.8,51,0,8.7,Sunny
2026-07-09,26.5,52,0,7.1,Sunny
2026-07-10,26.1,53,0,10.0,Sunny
2026-07-11,25.8,55,0,14.8,Sunny
2026-07-12,25.4,56,0,17.0,Sunny
2026-07-13,25.1,58,0,14.6,Sunny
2026-07-14,24.8,60,0,9.9,Sunny
2026-07-15,24.5,61,10,7.0,Rain
2026-07-16,24.1,63,0,8.8,Sunny
2026-07-17,23.9,65,0,13.5,Sunny
2026-07-18,23.6,67,0,16.8,Sunny
2026-07-19,23.4,69,0,15.7,Sunny
2026-07-20,23.1,71,0,11.2,Sunny
2026-07-21,22.9,72,0,7.4,Sunny
2026-07-22,22.8,74,0,7.8,Sunny
2026-07-23,22.7,75,0,12.1,Sunny
2026-07-24,22.6,76,10,16.3,Rain
2026-07-25,22.5,77,0,16.5,Sunny
2026-07-26,22.5,78,0,12.6,Sunny
2026-07-27,22.5,79,0,8.2,Sunny
2026-07-28,22.6,79,0,7.2,Sunny
2026-07-29,22.6,79,0,10.7,Sunny
2026-07-30,22.8,79,0,15.4,Sunny
2026-07-31,22.9,79,0,16.9,Sunny
2026-08-01,20.1,79,0,14.0,Sunny
2026-08-02,20.3,78,10,9.2,Rain
2026-08-03,20.5,77,0,7.0,Sunny
2026-08-04,20.8,76,0,9.4,Sunny
2026-08-05,21.1,74,0,14.2,Sunny
2026-08-06,21.4,73,0,17.0,Sunny
2026-08-07,21.7,71,0,15.2,Sunny
2026-08-08,22.0,70,0,10.5,Sunny
2026-08-09,22.4,68,0,7.2,Sunny
2026-08-10,22.7,66,0,8.3,Sunny
2026-08-11,23.1,64,10,12.8,Rain
2026-08-12,23.4,62,0,16.6,Sunny
2026-08-13,23.8,60,0,16.1,Sunny
2026-08-14,24.1,59,0,11.9,Sunny
2026-08-15,24.4,57,0,7.7,Sunny
2026-08-16,24.7,55,0,7.5,Sunny
2026-08-17,25.0,54,0,11.4,Sunny
2026-08-18,25.3,53,0,15.9,Sunny
2026-08-19,25.6,52,0,16.8,Sunny
2026-08-20,25.8,51,10,13.3,Rain
2026-08-21,26.0,50,0,8.6,Sunny
2026-08-22,26.1,50,0,7.1,Sunny
2026-08-23,26.3,50,0,10.1,Sunny
2026-08-24,26.4,50,0,14.8,Sunny
2026-08-25,26.5,50,0,17.0,Sunny
2026-08-26,26.5,50,0,14.6,Sunny
2026-08-27,26.5,51,0,9.8,Sunny
2026-08-28,26.5,52,0,7.0,Sunny
2026-08-29,26.4,53,10,8.9,Rain
2026-08-30,26.3,54,0,13.6,Sunny
2026-08-31,26.2,56,0,16.8,Sunny
2026-09-01,26.0,57,0,15.7,Sunny
2026-09-02,25.8,59,0,11.1,Sunny
2026-09-03,25.6,61,0,7.4,Sunny
2026-09-04,25.3,63,0,7.9,Sunny
2026-09-05,25.0,65,0,12.2,Sunny
2026-09-06,24.8,66,0,16.3,Sunny
