canonical_name,official_category,kcal,portion_g,ingredients,has_official_ingredient_list,protein_class,diet_class,contains_dairy,contains_egg,contains_gluten_source,contains_legume,contains_red_meat,contains_poultry,contains_fish,label_provenance,source_url,truth_class
Piliç Emense,MAIN_ANIMAL,240,200,"Tavuk Göğüs|Mantar|Püre Patates|Havuç|Kornişon Turşu|Çarliston|Soğan|Sıvıyağ|Un|Kapya|Tuz|Pulbiber|Karabiber|Sarımsak",1,POULTRY,ANIMAL_BASED,UNKNOWN,UNKNOWN,PRESENT,NOT_LISTED_OFFICIAL,NOT_LISTED_OFFICIAL,PRESENT,NOT_LISTED_OFFICIAL,OFFICIAL_DISH_PAGE,https://yemekhane.bogazici.edu.tr/ana-yemekler/pilic-emense,OFFICIAL_PUBLIC
Piliç Topkapı,MAIN_ANIMAL,560,210,"Tavuk But|Pirinç|Sıvıyağ|Kuş Üzümü|Domates Salçası|Tuz|Karabiber|Yenibahar|Tarçın|Dereotu",1,POULTRY,ANIMAL_BASED,NOT_LISTED_OFFICIAL,NOT_LISTED_OFFICIAL,NOT_LISTED_OFFICIAL,NOT_LISTED_OFFICIAL,NOT_LISTED_OFFICIAL,PRESENT,NOT_LISTED_OFFICIAL,OFFICIAL_DISH_PAGE,https://yemekhane.bogazici.edu.tr/ana-yemekler/pilic-topkapi,OFFICIAL_PUBLIC
Piyaz,SALAD_COLD,162,150,"Kuru Fasulye|Göbek|Taze Soğan|Siyah Zeytin|Sıvıyağ|Limon suyu|Maydanoz|Tuz",1,LEGUME,PLANT_BASED_DERIVED_INGREDIENTS,NOT_LISTED_OFFICIAL,NOT_LISTED_OFFICIAL,NOT_LISTED_OFFICIAL,PRESENT,NOT_LISTED_OFFICIAL,NOT_LISTED_OFFICIAL,NOT_LISTED_OFFICIAL,OFFICIAL_DISH_PAGE,https://yemekhane.bogazici.edu.tr/secmeliler/piyaz,OFFICIAL_PUBLIC
Etli Mevsim Türlü,MAIN_ANIMAL,324,200,"Dana Eti|Patates|Taze Fasulye|Patlıcan|Havuç|Kabak|Salça|Domates|Sıvıyağ|Çarliston Biber|Sarımsak|Tuz|Pul Biber|Karabiber",1,RED_MEAT,ANIMAL_BASED,NOT_LISTED_OFFICIAL,NOT_LISTED_OFFICIAL,NOT_LISTED_OFFICIAL,NOT_LISTED_OFFICIAL,PRESENT,NOT_LISTED_OFFICIAL,NOT_LISTED_OFFICIAL,OFFICIAL_DISH_PAGE,https://yemekhane.bogazici.edu.tr/ana-yemekler/etli-mevsim-turlu,OFFICIAL_PUBLIC
Vitamin Çorba,SOUP,145,200,"Kırmızı Mercimek|Patates|Havuç|Çarliston Biber|Soğan|Dereotu|Sıvıyağ|Un|Pirinç|Nane|Tuz",1,LEGUME,PLANT_BASED_DERIVED_INGREDIENTS,NOT_LISTED_OFFICIAL,NOT_LISTED_OFFICIAL,PRESENT,PRESENT,NOT_LISTED_OFFICIAL,NOT_LISTED_OFFICIAL,NOT_LISTED_OFFICIAL,OFFICIAL_DISH_PAGE,https://yemekhane.bogazici.edu.tr/corbalar/vitamin-corba,OFFICIAL_PUBLIC
Sebze Çorba,SOUP,159,200,"Taze Fasulye|Sıvıyağ|Bezelye|Soğan|Havuç|Patates|Kereviz Yaprağı|Kabak|Ispanak|Pırasa|Beyaz Lahana|Un|Domates|Süt|Maydanoz|Tuz|Sarımsak|Dereotu",1,PLANT_OTHER,VEGETARIAN_DERIVED_INGREDIENTS,PRESENT,NOT_LISTED_OFFICIAL,PRESENT,PRESENT,NOT_LISTED_OFFICIAL,NOT_LISTED_OFFICIAL,NOT_LISTED_OFFICIAL,OFFICIAL_DISH_PAGE,https://yemekhane.bogazici.edu.tr/corbalar/sebze-corba,OFFICIAL_PUBLIC
Karışık Izgara,MAIN_ANIMAL,420,200,"Patates|Dana Kıyma|Kök Kanat|Ekmek|Sıvıyağ|Soğan|Domates Salça|Domates|Pulbiber|Karabiber|Kimyon|Tuz|Sarımsak|Maydanoz",1,MIXED_ANIMAL,ANIMAL_BASED,UNKNOWN,UNKNOWN,PRESENT,NOT_LISTED_OFFICIAL,PRESENT,PRESENT,NOT_LISTED_OFFICIAL,OFFICIAL_DISH_PAGE,https://yemekhane.bogazici.edu.tr/ana-yemekler/karisik-izgara,OFFICIAL_PUBLIC
Kazandibi,DESSERT,250,120,"Süt|Toz Kazandibi",1,DAIRY_DOMINANT,VEGETARIAN_DERIVED_INGREDIENTS,PRESENT,UNKNOWN,UNKNOWN,NOT_LISTED_OFFICIAL,NOT_LISTED_OFFICIAL,NOT_LISTED_OFFICIAL,NOT_LISTED_OFFICIAL,OFFICIAL_DISH_PAGE,https://yemekhane.bogazici.edu.tr/secmeliler/kazandibi,OFFICIAL_PUBLIC
Şekerpare,DESSERT,441,120,"Şekerpare Kuru|Şeker|Limon",1,NONE,UNKNOWN,UNKNOWN,UNKNOWN,UNKNOWN,NOT_LISTED_OFFICIAL,NOT_LISTED_OFFICIAL,NOT_LISTED_OFFICIAL,NOT_LISTED_OFFICIAL,OFFICIAL_DISH_PAGE,https://yemekhane.bogazici.edu.tr/secmeliler/sekerpare,OFFICIAL_PUBLIC
Soğan Halkası,SIDE_VEGETABLE,214,160,"Kuru Soğan|Yoğurt|Mayonez|Sıvıyağ|Un|Galeta Unu|Yumurta|Tuz|Nane|Pul Biber",1,EGG,VEGETARIAN_DERIVED_INGREDIENTS,PRESENT,PRESENT,PRESENT,NOT_LISTED_OFFICIAL,NOT_LISTED_OFFICIAL,NOT_LISTED_OFFICIAL,NOT_LISTED_OFFICIAL,OFFICIAL_DISH_PAGE,https://yemekhane.bogazici.edu.tr/yardimci-yemekler/sogan-halkasi,OFFICIAL_PUBLIC
Sweet Chili Soslu Tavuk,MAIN_ANIMAL,355,,"Tavuk Bonfile|Salça|Ketçap|Sıvıyağ|Şili Biber|Domates|Nişasta|Tuz|Kuru Soğan|Sarımsak|Toz Şeker|Karabiber|Kırmızı Toz Biber",1,POULTRY,ANIMAL_BASED,NOT_LISTED_OFFICIAL,NOT_LISTED_OFFICIAL,NOT_LISTED_OFFICIAL,NOT_LISTED_OFFICIAL,NOT_LISTED_OFFICIAL,PRESENT,NOT_LISTED_OFFICIAL,OFFICIAL_DISH_PAGE,https://yemekhane.bogazici.edu.tr/ana-yemekler/sweet-chili-soslu-tavuk,OFFICIAL_PUBLIC
Pirinç Pilavı,SIDE_STARCH,399,,"Pirinç|Sıvıyağ|Tuz",1,NONE,PLANT_BASED_DERIVED_INGREDIENTS,NOT_LISTED_OFFICIAL,NOT_LISTED_OFFICIAL,NOT_LISTED_OFFICIAL,NOT_LISTED_OFFICIAL,NOT_LISTED_OFFICIAL,NOT_LISTED_OFFICIAL,NOT_LISTED_OFFICIAL,OFFICIAL_DISH_PAGE,https://yemekhane.bogazici.edu.tr/yardimci-yemekler/pirinc-pilavi,OFFICIAL_PUBLIC
Havuçlu Pirinç Pilavı,SIDE_STARCH,376,160,"Pirinç|Havuç|Sıvıyağ|Tuz",1,NONE,PLANT_BASED_DERIVED_INGREDIENTS,NOT_LISTED_OFFICIAL,NOT_LISTED_OFFICIAL,NOT_LISTED_OFFICIAL,NOT_LISTED_OFFICIAL,NOT_LISTED_OFFICIAL,NOT_LISTED_OFFICIAL,NOT_LISTED_OFFICIAL,OFFICIAL_DISH_PAGE,https://yemekhane.bogazici.edu.tr/yardimci-yemekler/havuclu-pirinc-pilavi,OFFICIAL_PUBLIC
Bezelyeli Pirinç Pilavı,SIDE_STARCH,420,,"Pirinç|Bezelye|Sıvıyağ|Tuz",1,LEGUME,PLANT_BASED_DERIVED_INGREDIENTS,NOT_LISTED_OFFICIAL,NOT_LISTED_OFFICIAL,NOT_LISTED_OFFICIAL,PRESENT,NOT_LISTED_OFFICIAL,NOT_LISTED_OFFICIAL,NOT_LISTED_OFFICIAL,OFFICIAL_DISH_PAGE,https://yemekhane.bogazici.edu.tr/yardimci-yemekler/bezelyeli-pirinc-pilavi,OFFICIAL_PUBLIC
Etli Mantı,MAIN_ANIMAL,,,"",0,RED_MEAT,ANIMAL_BASED,UNKNOWN,UNKNOWN,UNKNOWN,UNKNOWN,UNKNOWN,UNKNOWN,UNKNOWN,OFFICIAL_CATEGORY_INDEX|NAME_RULE_HEURISTIC,https://yemekhane.bogazici.edu.tr/yemek-fotogralari,OFFICIAL_PUBLIC
Macar Gulaş,MAIN_ANIMAL,,,"",0,RED_MEAT,ANIMAL_BASED,UNKNOWN,UNKNOWN,UNKNOWN,UNKNOWN,UNKNOWN,UNKNOWN,UNKNOWN,OFFICIAL_CATEGORY_INDEX|NAME_RULE_HEURISTIC,https://yemekhane.bogazici.edu.tr/yemek-fotogralari,OFFICIAL_PUBLIC
Soslu Mitite Köfte,MAIN_ANIMAL,,,"",0,RED_MEAT,ANIMAL_BASED,UNKNOWN,UNKNOWN,UNKNOWN,UNKNOWN,UNKNOWN,UNKNOWN,UNKNOWN,OFFICIAL_CATEGORY_INDEX|NAME_RULE_HEURISTIC,https://yemekhane.bogazici.edu.tr/yemek-fotogralari,OFFICIAL_PUBLIC
Fırın Hindi + Püre,MAIN_ANIMAL,,,"",0,POULTRY,ANIMAL_BASED,UNKNOWN,UNKNOWN,UNKNOWN,UNKNOWN,UNKNOWN,UNKNOWN,UNKNOWN,OFFICIAL_CATEGORY_INDEX|NAME_RULE_HEURISTIC,https://yemekhane.bogazici.edu.tr/yemek-fotogralari,OFFICIAL_PUBLIC
Köri Soslu Tavuk Sote,MAIN_ANIMAL,,,"",0,POULTRY,ANIMAL_BASED,UNKNOWN,UNKNOWN,UNKNOWN,UNKNOWN,UNKNOWN,UNKNOWN,UNKNOWN,OFFICIAL_CATEGORY_INDEX|NAME_RULE_HEURISTIC,https://yemekhane.bogazici.edu.tr/yemek-fotogralari,OFFICIAL_PUBLIC
Balık Kroket,MAIN_ANIMAL,,,"",0,FISH,ANIMAL_BASED,UNKNOWN,UNKNOWN,UNKNOWN,UNKNOWN,UNKNOWN,UNKNOWN,UNKNOWN,OFFICIAL_CATEGORY_INDEX|NAME_RULE_HEURISTIC,https://yemekhane.bogazici.edu.tr/yemek-fotogralari,OFFICIAL_PUBLIC
Etsiz Mantı,MAIN_PLANT,,,"",0,PLANT_OTHER,VEGETARIAN_EXPLICIT,UNKNOWN,UNKNOWN,UNKNOWN,UNKNOWN,UNKNOWN,UNKNOWN,UNKNOWN,OFFICIAL_CATEGORY_INDEX,https://yemekhane.bogazici.edu.tr/yemek-fotogralari,OFFICIAL_PUBLIC
Fellah Köfte,MAIN_PLANT,,,"",0,PLANT_OTHER,VEGETARIAN_EXPLICIT,UNKNOWN,UNKNOWN,UNKNOWN,UNKNOWN,UNKNOWN,UNKNOWN,UNKNOWN,OFFICIAL_CATEGORY_INDEX,https://yemekhane.bogazici.edu.tr/yemek-fotogralari,OFFICIAL_PUBLIC
Nohut Tava,MAIN_PLANT,,,"",0,LEGUME,VEGETARIAN_EXPLICIT,UNKNOWN,UNKNOWN,UNKNOWN,UNKNOWN,UNKNOWN,UNKNOWN,UNKNOWN,OFFICIAL_CATEGORY_INDEX|NAME_RULE_HEURISTIC,https://yemekhane.bogazici.edu.tr/yemek-fotogralari,OFFICIAL_PUBLIC
Nohut Yemeği,MAIN_PLANT,,,"",0,LEGUME,VEGETARIAN_EXPLICIT,UNKNOWN,UNKNOWN,UNKNOWN,UNKNOWN,UNKNOWN,UNKNOWN,UNKNOWN,OFFICIAL_CATEGORY_INDEX|NAME_RULE_HEURISTIC,https://yemekhane.bogazici.edu.tr/yemek-fotogralari,OFFICIAL_PUBLIC
Mücver,MAIN_PLANT,,,"",0,PLANT_OTHER,VEGETARIAN_EXPLICIT,UNKNOWN,UNKNOWN,UNKNOWN,UNKNOWN,UNKNOWN,UNKNOWN,UNKNOWN,OFFICIAL_CATEGORY_INDEX,https://yemekhane.bogazici.edu.tr/yemek-fotogralari,OFFICIAL_PUBLIC
Sebze Sote,MAIN_PLANT,,,"",0,PLANT_OTHER,VEGETARIAN_EXPLICIT,UNKNOWN,UNKNOWN,UNKNOWN,UNKNOWN,UNKNOWN,UNKNOWN,UNKNOWN,OFFICIAL_CATEGORY_INDEX,https://yemekhane.bogazici.edu.tr/yemek-fotogralari,OFFICIAL_PUBLIC
Zy.Barbunya,MAIN_PLANT,,,"",0,LEGUME,VEGETARIAN_EXPLICIT,UNKNOWN,UNKNOWN,UNKNOWN,UNKNOWN,UNKNOWN,UNKNOWN,UNKNOWN,OFFICIAL_CATEGORY_INDEX|NAME_RULE_HEURISTIC,https://yemekhane.bogazici.edu.tr/yemek-fotogralari,OFFICIAL_PUBLIC
Zy.Enginar,MAIN_PLANT,,,"",0,PLANT_OTHER,VEGETARIAN_EXPLICIT,UNKNOWN,UNKNOWN,UNKNOWN,UNKNOWN,UNKNOWN,UNKNOWN,UNKNOWN,OFFICIAL_CATEGORY_INDEX,https://yemekhane.bogazici.edu.tr/yemek-fotogralari,OFFICIAL_PUBLIC
Bulgur Pilavı,SIDE_STARCH,,,"",0,NONE,PLANT_BASED_HEURISTIC,UNKNOWN,UNKNOWN,UNKNOWN,UNKNOWN,UNKNOWN,UNKNOWN,UNKNOWN,OFFICIAL_CATEGORY_INDEX|NAME_RULE_HEURISTIC,https://yemekhane.bogazici.edu.tr/yemek-fotogralari,OFFICIAL_PUBLIC
Erişte,SIDE_STARCH,,,"",0,NONE,UNKNOWN,UNKNOWN,UNKNOWN,UNKNOWN,UNKNOWN,UNKNOWN,UNKNOWN,UNKNOWN,OFFICIAL_CATEGORY_INDEX,https://yemekhane.bogazici.edu.tr/yemek-fotogralari,OFFICIAL_PUBLIC
Mısırlı Pirinç Pilavı,SIDE_STARCH,,,"",0,NONE,PLANT_BASED_HEURISTIC,UNKNOWN,UNKNOWN,UNKNOWN,UNKNOWN,UNKNOWN,UNKNOWN,UNKNOWN,OFFICIAL_CATEGORY_INDEX|NAME_RULE_HEURISTIC,https://yemekhane.bogazici.edu.tr/yemek-fotogralari,OFFICIAL_PUBLIC
Sebzeli Kuskus,SIDE_STARCH,,,"",0,NONE,UNKNOWN,UNKNOWN,UNKNOWN,UNKNOWN,UNKNOWN,UNKNOWN,UNKNOWN,UNKNOWN,OFFICIAL_CATEGORY_INDEX,https://yemekhane.bogazici.edu.tr/yemek-fotogralari,OFFICIAL_PUBLIC
Cevizli Kadayıf,DESSERT,,,"",0,NONE,UNKNOWN,UNKNOWN,UNKNOWN,UNKNOWN,UNKNOWN,UNKNOWN,UNKNOWN,UNKNOWN,OFFICIAL_CATEGORY_INDEX,https://yemekhane.bogazici.edu.tr/yemek-fotogralari,OFFICIAL_PUBLIC
Cheesecake,DESSERT,,,"",0,DAIRY_DOMINANT,UNKNOWN,UNKNOWN,UNKNOWN,UNKNOWN,UNKNOWN,UNKNOWN,UNKNOWN,UNKNOWN,OFFICIAL_CATEGORY_INDEX|NAME_RULE_HEURISTIC,https://yemekhane.bogazici.edu.tr/yemek-fotogralari,OFFICIAL_PUBLIC
Profiterol,DESSERT,,,"",0,DAIRY_DOMINANT,UNKNOWN,UNKNOWN,UNKNOWN,UNKNOWN,UNKNOWN,UNKNOWN,UNKNOWN,UNKNOWN,OFFICIAL_CATEGORY_INDEX|NAME_RULE_HEURISTIC,https://yemekhane.bogazici.edu.tr/yemek-fotogralari,OFFICIAL_PUBLIC