start_date,end_date,campus_scope,regime_type,service_type,availability,start_time,end_time,source_url,truth_class,note
2025-06-30,,KILYOS,SUMMER_SERVICE,BREAKFAST,PAUSED,,,https://yemekhane.bogazici.edu.tr/saritepe-kilyos-kampus-yemek-hizmeti-hakkinda,OFFICIAL_PUBLIC,"Summer-period announcement; end date not explicitly stated on page"
2025-06-30,,KILYOS,SUMMER_SERVICE,DINNER,PAUSED,,,https://yemekhane.bogazici.edu.tr/saritepe-kilyos-kampus-yemek-hizmeti-hakkinda,OFFICIAL_PUBLIC,"Summer-period announcement; end date not explicitly stated on page"
2025-06-30,,KILYOS,SUMMER_SERVICE,WEEKEND_ALL,PAUSED,,,https://yemekhane.bogazici.edu.tr/saritepe-kilyos-kampus-yemek-hizmeti-hakkinda,OFFICIAL_PUBLIC,"No weekend meal service"
2025-06-30,,KILYOS,SUMMER_SERVICE,WEEKDAY_LUNCH,ACTIVE,,,https://yemekhane.bogazici.edu.tr/saritepe-kilyos-kampus-yemek-hizmeti-hakkinda,OFFICIAL_PUBLIC,"Weekday lunch continues"
2025-08-18,2025-09-19,"KUZEY|GUNEY|ANADOLU_HISARI|KANDILLI|HISAR|KILYOS",SUMMER_HOLIDAY,WEEKDAY_BREAKFAST,PAUSED,,,https://yemekhane.bogazici.edu.tr/yaz-donemi-yemek-hizmeti-hakkinda,OFFICIAL_PUBLIC,"Summer holiday service restriction"
2025-08-18,2025-09-19,"KUZEY|GUNEY|ANADOLU_HISARI|KANDILLI|HISAR|KILYOS",SUMMER_HOLIDAY,WEEKDAY_DINNER,PAUSED,,,https://yemekhane.bogazici.edu.tr/yaz-donemi-yemek-hizmeti-hakkinda,OFFICIAL_PUBLIC,"Summer holiday service restriction"
2025-08-18,2025-09-19,"KUZEY|GUNEY|ANADOLU_HISARI|KANDILLI|HISAR|KILYOS",SUMMER_HOLIDAY,WEEKEND_BREAKFAST,PAUSED,,,https://yemekhane.bogazici.edu.tr/yaz-donemi-yemek-hizmeti-hakkinda,OFFICIAL_PUBLIC,"Summer holiday service restriction"
2025-08-18,2025-09-19,"KUZEY|GUNEY|ANADOLU_HISARI|KANDILLI|HISAR|KILYOS",SUMMER_HOLIDAY,WEEKEND_LUNCH,PAUSED,,,https://yemekhane.bogazici.edu.tr/yaz-donemi-yemek-hizmeti-hakkinda,OFFICIAL_PUBLIC,"Summer holiday service restriction"
2025-08-18,2025-09-19,"KUZEY|GUNEY|ANADOLU_HISARI|KANDILLI|HISAR|KILYOS",SUMMER_HOLIDAY,WEEKEND_DINNER,PAUSED,,,https://yemekhane.bogazici.edu.tr/yaz-donemi-yemek-hizmeti-hakkinda,OFFICIAL_PUBLIC,"Summer holiday service restriction"
2026-02-17,,ALL,RAMADAN,Sahur,ACTIVE,04:30,06:30,https://yemekhane.bogazici.edu.tr/ramazan-ayi-yemekhane-ve-kiosk-bufe-hizmet-saatleri,OFFICIAL_PUBLIC,"Announcement states schedule applies during Ramadan; explicit end date not provided on page"
2026-02-17,,ALL,RAMADAN,DINNER_IFTAR,ACTIVE,16:45,19:45,https://yemekhane.bogazici.edu.tr/ramazan-ayi-yemekhane-ve-kiosk-bufe-hizmet-saatleri,OFFICIAL_PUBLIC,"Dinner/iftar service window"
2026-02-26,,ALL,SOCIAL_SUPPORT,BUBIZDEN,ACTIVE,,,https://yemekhane.bogazici.edu.tr/bubizden-uygulamasi,OFFICIAL_PUBLIC,"BUBizden free-meal support activated; one supported meal per eligible student per day"
2026-08-17,2026-09-18,PACKAGE_SERVICE,SUMMER_HOLIDAY,WEEKDAY_PACKAGE_LUNCH,ACTIVE,,,https://yemekhane.bogazici.edu.tr/yaz-donemi-paket-yemek-hizmeti-hakkinda,OFFICIAL_PUBLIC,"Package meal service offered only at weekday lunch during this date range"
2026-08-17,2026-09-18,PACKAGE_SERVICE,SUMMER_HOLIDAY,WEEKDAY_PACKAGE_DINNER,PAUSED,,,https://yemekhane.bogazici.edu.tr/yaz-donemi-paket-yemek-hizmeti-hakkinda,OFFICIAL_PUBLIC,"Derived directly from 'only weekday lunch' wording"
2026-08-17,2026-09-18,PACKAGE_SERVICE,SUMMER_HOLIDAY,WEEKEND_PACKAGE,PAUSED,,,https://yemekhane.bogazici.edu.tr/yaz-donemi-paket-yemek-hizmeti-hakkinda,OFFICIAL_PUBLIC,"Derived directly from 'only weekday lunch' wording"