source_id,provider,signal_family,granularity,access_class,model_role,truth_class,decision_time_risk,license_or_basis,url,status,notes
boun_menu_monthly,Boğaziçi University Yemekhane,menu,date_service,PUBLIC_WEB,feature,OFFICIAL_PUBLIC,LOW,public_web_https,https://yemekhane.bogazici.edu.tr/aylik-menu,FOUND,"Monthly lunch/dinner archive; use dated snapshots"
boun_menu_2026_01,Boğaziçi University Yemekhane,menu,date_service,PUBLIC_WEB,feature,OFFICIAL_PUBLIC,LOW,public_web_https,https://yemekhane.bogazici.edu.tr/aylik-menu/2026-01,FETCHED,"Full page exposes date/service/dish links"
boun_menu_2026_08,Boğaziçi University Yemekhane,menu,date_service,PUBLIC_WEB,feature,OFFICIAL_PUBLIC,LOW,public_web_https,https://yemekhane.bogazici.edu.tr/aylik-menu/2026-08,FETCHED,"Recent historical menu page"
boun_breakfast_archive,Boğaziçi University Yemekhane,menu,date_service,PUBLIC_WEB,feature,OFFICIAL_PUBLIC,LOW,public_web_https,https://yemekhane.bogazici.edu.tr/kahvalti-menu/2026-06,FETCHED,"Breakfast should be modeled as a separate service"
boun_packet_archive,Boğaziçi University Yemekhane,menu,date_service,PUBLIC_WEB,feature,OFFICIAL_PUBLIC,LOW,public_web_https,https://yemekhane.bogazici.edu.tr/paket-menu,FOUND,"Package-service regime must not be silently mixed with normal service"
boun_food_catalog,Boğaziçi University Yemekhane,dish_catalog,dish,PUBLIC_WEB,feature,OFFICIAL_PUBLIC,LOW,public_web_https,https://yemekhane.bogazici.edu.tr/yemek-fotogralari,FOUND,"Dish dictionary entry point; linked pages may include ingredients/calories/portion"
boun_menu_poll,Boğaziçi University Yemekhane,preference,poll_candidate,PRIVATE_EXPORT_REQUIRED,aux_target,MEASURED_IF_EXPORTED,MEDIUM,institutional_authorization,https://yemekhane.bogazici.edu.tr/,DISCOVERED_NOT_EXPORTED,"Request anonymous aggregate candidate vote counts and poll timestamps"
boun_tasting_survey,Boğaziçi University Yemekhane,preference,date_service_or_dish,PRIVATE_EXPORT_REQUIRED,aux_target,MEASURED_IF_EXPORTED,HIGH,institutional_authorization,https://yemekhane.bogazici.edu.tr/,DISCOVERED_NOT_EXPORTED,"Need score schema/sample count and timestamp to avoid post-decision leakage"
boun_satisfaction_survey,Boğaziçi University Yemekhane,preference,survey_response_aggregate,PRIVATE_EXPORT_REQUIRED,aux_target,MEASURED_IF_EXPORTED,HIGH,institutional_authorization,https://yemekhane.bogazici.edu.tr/,DISCOVERED_NOT_EXPORTED,"Use only de-identified aggregate evidence"
boun_waste,Boğaziçi University Yemekhane,waste,date_service_or_period,PRIVATE_EXPORT_REQUIRED,target,MEASURED_IF_EXPORTED,NONE,institutional_authorization,https://yemekhane.bogazici.edu.tr/,NAV_FOUND_DATA_NOT_PARSED,"Official navigation exposes waste surface; underlying training table not yet reliably retrieved"
boun_served_count,Boğaziçi University / meal transaction system,demand,date_campus_service,PRIVATE_EXPORT_REQUIRED,target,MEASURED,NONE,institutional_authorization,,MISSING_P0,"Primary demand target; aggregate counts are sufficient"
boun_prepared_count,Boğaziçi University Food Services,production,date_campus_service_batch,PRIVATE_EXPORT_REQUIRED,outcome,MEASURED,NONE,institutional_authorization,,MISSING_P0,"Needed to evaluate production recommendation rather than forecast only"
boun_reservations,Boğaziçi University / reservation system,reservation_intent,date_campus_service_snapshot,PRIVATE_EXPORT_REQUIRED,feature,MEASURED,HIGH,institutional_authorization,,MISSING_P0,"Capture snapshots at information cutoff; reservation is intent not served demand"
boun_reservation_reconciliation,Boğaziçi University / meal transaction system,reservation_reconciliation,date_campus_service,PRIVATE_EXPORT_REQUIRED,feature_and_eval,MEASURED,HIGH,institutional_authorization,,MISSING_P1,"reserved-served and unreserved-served counts; validate decomposition against actual served"
boun_stockout,Boğaziçi University Food Services,service_quality,date_campus_service_or_item,PRIVATE_EXPORT_REQUIRED,outcome,MEASURED,NONE,institutional_authorization,,MISSING_P1,"Stockout time/affected portions gives shortage-side objective"
boun_operator_action,Boğaziçi University Food Services,decision_audit,decision,PRIVATE_EXPORT_REQUIRED,evaluation,MEASURED,NONE,institutional_authorization,,MISSING_P2,"Recommendation/operator plan/override/reason/time kept separate from later outcome"
boun_academic_calendar,Boğaziçi University,calendar,date,PUBLIC_WEB,feature,OFFICIAL_PUBLIC,LOW,public_web_https,https://akademiktakvim.bogazici.edu.tr/tr/,FOUND,"Class days registration add-drop final period holidays semester phase"
boun_cafeteria_announcements,Boğaziçi University Yemekhane,operational_regime,date_range_campus,PUBLIC_WEB,feature,OFFICIAL_PUBLIC,LOW,public_web_https,https://yemekhane.bogazici.edu.tr/,FOUND,"Convert dated closures Ramadan hours package service repairs and price changes into regime table"
open_meteo_history,Open-Meteo,weather,hour_or_day,PUBLIC_API,exploratory_feature,EXTERNAL_PUBLIC,HIGH,provider_terms,https://open-meteo.com/en/docs/historical-weather-api,FOUND,"Realized reanalysis is leakage for prior-day production decisions unless explicitly oracle analysis"
open_meteo_historical_forecast,Open-Meteo,weather_forecast,forecast_issue_time_x_valid_time,PUBLIC_API,feature,EXTERNAL_PUBLIC,LOW_IF_ISSUE_TIME_VALID,provider_terms,https://open-meteo.com/en/docs/historical-forecast-api,PLANNED,"Preferred weather source for retrospective decision-time-valid backtests"
owid_ghg_food,Our World in Data / Poore & Nemecek,environmental_intensity,food_category,PUBLIC_CSV,proxy_feature,EXTERNAL_LCA_PROXY,NONE,CC_BY,https://ourworldindata.org/grapher/ghg-per-kg-poore,FOUND,"Ingredient-category kgCO2e/kg proxy; not campus measured impact"
owid_water_food,Our World in Data / Poore & Nemecek,environmental_intensity,food_category,PUBLIC_CSV,proxy_feature,EXTERNAL_LCA_PROXY,NONE,CC_BY,https://ourworldindata.org/,FOUND,"Use only with exact chart/source metadata captured during ingestion"
agribalyse,ADEME AGRIBALYSE,environmental_intensity,food_or_recipe_category,PUBLIC_DATA,proxy_feature,EXTERNAL_LCA_PROXY,NONE,provider_open_data_terms,https://agribalyse.ademe.fr/,FOUND,"Potential recipe-level LCA mapping; preserve mapping confidence and source version"
